43.13,35.22,21.48,23.72,14.77,28.37,17.00,22.33,28.55,21.12,28.67,24.03,32.80,34.43,34.52,24.18,14.40,28.93,28.82,28.37,42.07,44.65,0.10,34.02,26.83,15.18,31.60,23.57,23.95,21.58,12.70,20.65,46.60,10.78,23.72,28.20,30.00,27.38,23.03,27.15,21.47,25.30,27.85,33.58,11.90,16.37,30.12,27.25,36.37,41.65,35.72,38.10,37.87,29.88,34.22,27.78,30.90,18.67,28.57,40.20,31.37,35.08,33.55,31.52,30.47,30.08,35.65,36.95,23.35,31.45,24.23,30.78,24.50,33.95,32.80,28.77,33.88,35.50,34.68,39.30,34.77,30.02,37.30,43.30,45.00,27.33,14.57,45.13,40.48,33.02,24.75,31.18333333,18.51666667,44.18333333,34.38333333,38.9,29.78333333,26.43333333,28.51666667,26.36666667,38.68333333,26.98333333,28.35,38.25,25.5,31.41666667,31.5,26.5,32.61666667,34.51666667,31.05,36.86666667,33.73333333,27.06666667,32.01666667,20.66666667,32,41.28333333,36.31666667,37.75,36.26666667,9.416666667,30.85,33.61666667,27.68333333,33.48333333,37.95,41.18333333,28.88333333,29.56666667,38.11666667,34.58333333,34.7,33.18333333,18.7,32.76666667,38.83333333,37.31666667,26.2,23.73333333,29.6,37.46666667,28.25,22.08333333,21.98333333,23.16666667,33.71666667,32,26.4,39.98333333,37.15,28.75,27.1,37.88333333,50.63333333,30.35,30.13333333,28.48333333,24.66666667,34.15,37.05,7.666666667,36.6,34.45,31.28333333,28.25,22.66666667,36.65,33.36666667,27.9,26.85,29.51666667,47.43333333,29.15,36.18333333,36.35,27.98333333,29.05,9.883333333,36.96666667,28.53333333,24.71666667,32.51666667,39.6,28.35,29.55,27.41666667,32.85,35.36666667,30.48333333,31.13333333,16.2,40.15,22.83333333,26.11666667,39.48333333,26.76666667,27.9,32.5,26.95,26.71666667,12.41666667,28.73333333,31.13333333,30.83333333,20.61666667,12.38333333,33.33333333,34.6,27.95,39.95,23.26666667,21.58333333,33.83333333,25.26666667,27.36666667,37.28333333,41.01666667,28.05,44.03333333,38,39.25,25.35,30.65,33.6,30.23333333,15.41666667,31.38333333,38.53333333,22.03333333,36,34.36666667,40.03333333,30.65,32.83333333,36.11666667,29.41666667,16.01666667,39.68333333,37.1,37.71666667,32.13333333,39.58333333,19.25,31.76666667,32.08333333,37.55,24.6,25.98333333,46.26666667,25.61666667,32.96666667,39.76666667,39.03333333,35.91666667,32.15,22.9,24.1,34.48333333,38.61666667,36.93333333
44.15,30.87,19.33,28.52,19.02,16.28,24.33,23.45,22.93,25.92,13.30,28.45,35.22,37.55,37.63,27.30,18.65,33.82,33.72,33.27,26.70,29.27,28.83,28.40,13.27,22.00,30.70,25.75,8.13,7.88,25.85,23.05,50.23,25.97,15.33,12.40,13.87,32.27,27.92,32.03,26.35,30.18,32.75,18.22,23.38,21.25,35.00,21.53,31.42,26.27,31.37,33.75,33.52,34.77,29.77,11.05,14.17,16.57,23.40,35.08,27.32,30.73,20.35,20.90,26.62,17.80,36.63,40.33,28.25,36.35,13.83,35.68,15.47,29.60,37.68,33.65,29.53,31.15,30.33,34.95,19.38,34.90,32.95,48.18,29.62,19.93,26.53,30.77,25.10,27.40,29.53,36.25,21.43333333,30.1,30.63333333,36.65,26.38333333,23.03333333,24.33333333,21.3,38.76666667,32.05,33.41666667,33.63333333,19.46666667,16.25,16.35,28.03333333,37.68333333,26.83333333,25.98333333,32.45,39,32.13333333,26.93333333,25.71666667,28.6,29.68333333,25.2,26.63333333,22.25,26.75,35.91666667,38.68333333,23.91666667,36.31666667,22.78333333,26.01666667,32.88333333,34.63333333,41.46666667,30.83333333,30.95,35.38333333,23.05,16.9,35.08333333,33.28333333,22.08333333,20.31666667,33.45,42.53333333,8.866666667,20.33333333,25.21666667,27.61666667,37.06666667,36.05,21.93333333,35.4,37.66666667,33.26666667,27.91666667,33.3,53.96666667,15.9,27.08333333,28.6,24.78333333,19,21.9,32,39,36.48333333,27.13333333,33.75,22.1,41.71666667,31.93333333,28.01666667,15.9,34.26666667,32.28333333,30,41.25,32.6,18,23.36666667,25.35,33.21666667,19.41666667,24.55,35.86666667,35.85,13.18333333,25.7,15.15,27.78333333,30.78333333,15.33333333,15.96666667,21.26666667,36.36666667,27.9,31.18333333,34.68333333,31.83333333,32.96666667,37.56666667,4.183333333,11.56666667,33.15,14.15,36.2,34.16666667,12.33333333,19.9,38.4,39.66666667,19.11666667,24.78333333,28.33333333,21.15,37.66666667,30.33333333,32.43333333,33.53333333,44.36666667,16.1,28.86666667,41.33333333,42.6,21.45,32.68333333,38.66666667,26.83333333,18.75,27.53333333,23.38333333,23.03333333,22.78333333,26.28333333,45.1,35.71666667,37.9,40.38333333,34.48333333,22.61666667,35.78333333,33.35,33.68333333,37.46666667,35.78333333,15.36666667,28.01666667,28.33333333,42.61666667,25.13333333,26.9,31.1,21.51666667,29.21666667,44.83333333,44.1,39.26666667,16.98333333,27.96666667,29.16666667,39.78333333,43.68333333,30.9
39.65,26.37,11.25,19.62,11.38,14.02,16.70,15.35,19.72,17.02,14.32,20.38,28.65,29.92,30.00,17.42,11.02,26.18,26.08,25.63,27.72,30.30,21.20,25.17,15.12,14.37,24.95,16.37,9.60,7.23,18.22,13.17,42.60,18.33,16.72,13.85,15.65,24.63,20.28,24.40,17.90,22.32,25.12,19.23,15.75,13.62,27.37,11.83,27.52,27.30,26.87,29.25,29.02,27.13,26.55,13.43,16.55,8.47,19.73,31.35,22.52,26.23,21.38,21.93,21.50,19.27,31.97,34.20,20.62,28.72,12.55,28.05,9.53,25.10,30.05,26.03,25.03,26.65,25.83,30.45,20.42,26.37,28.45,40.55,30.65,9.95,18.90,31.80,26.13,24.18,20.63,28.56666667,13.76666667,31.05,25.86666667,32.53333333,21.25,17.91666667,19.98333333,17.85,34.21666667,24.38333333,25.73333333,29.73333333,8.333333333,17.2,17.3,18.98333333,30.01666667,25.98333333,22.53333333,28.33333333,31.13333333,23.26666667,23.48333333,18.05,23.48333333,30.65,26.15,27.58333333,23.2,19.08333333,28.23333333,31.01666667,19.15,30.5,23.75,26.98333333,24.41666667,26.95,33.78333333,26.05,26.18333333,28.71666667,15.38333333,19.26666667,30.31666667,28.8,17.36666667,15.2,25.13333333,34.85,14.05,8.533333333,17.55,19.93333333,29.38333333,28.36666667,17.5,31.45,32.68333333,24.28333333,18.4,29.36666667,46.3,17.3,21.66666667,19.08333333,15.26666667,19.95,22.85,24.33333333,34.21666667,31.85,22.76666667,24.23333333,12.1,34.03333333,27.81666667,18.51666667,5.9,24.93333333,33.23333333,22.65,33.56666667,27.83333333,9,13.36666667,17.68333333,28.43333333,18.53333333,14.55,28.18333333,31.08333333,14.15,21.01666667,16.56666667,24.33333333,26.85,16.28333333,16.93333333,13.58333333,31.6,20.21666667,23.5,30.96666667,24.16666667,25.28333333,29.88333333,12.75,12.51666667,25.46666667,15.68333333,28.51666667,26.5,5.733333333,12.23333333,30.71666667,31.98333333,18.91666667,25.75,20.65,11.15,30,22.66666667,24.75,28.76666667,36.68333333,17.51666667,29.83333333,33.66666667,34.91666667,16.81666667,26.18333333,30.98333333,21.7,11.08333333,22.86666667,24.33333333,16.35,23.75,25.85,37.43333333,28.03333333,30.21666667,33.5,26.81666667,14.93333333,31.68333333,28.56666667,29.2,29.53333333,31.85,7.183333333,23.23333333,23.56666667,34.95,16.01666667,17.76666667,32.06666667,16.35,24.45,37.16666667,36.41666667,31.58333333,17.95,20.3,21.48333333,31.88333333,36,28.4
41.20,33.28,15.77,21.78,12.63,23.52,16.78,19.27,26.63,19.20,23.82,22.12,30.87,31.82,31.88,22.25,12.27,27.00,26.90,26.45,37.22,39.80,15.72,32.08,24.62,14.45,29.67,21.63,19.08,16.73,15.20,18.73,44.67,10.93,26.22,23.35,25.15,25.45,21.10,25.22,19.53,23.37,25.92,28.73,5.77,14.43,28.18,25.32,34.43,36.80,33.78,36.17,35.93,27.95,32.28,22.92,26.03,12.93,26.65,38.27,29.43,33.15,30.87,29.58,28.53,28.15,33.73,35.02,21.43,29.52,22.52,28.87,19.65,32.02,30.87,26.83,31.95,33.57,32.75,37.37,29.92,28.08,35.37,41.37,40.15,25.23,17.72,41.28,35.63,31.10,22.82,29.23333333,14.8,40.4,32.43333333,36.95,27.81666667,24.48333333,26.55,24.41666667,36.73333333,25.03333333,26.38333333,36.3,20.65,26.55,26.65,24.53333333,30.66666667,32.55,29.1,34.9,31.78333333,25.1,30.05,18.7,30.05,39.31666667,34.36666667,35.8,32.55,13.03333333,28.88333333,31.66666667,25.71666667,31.53333333,33.08333333,36.33333333,26.93333333,27.61666667,35.48333333,32.61666667,32.75,31.23333333,16.41666667,28.6,36.88333333,35.36666667,24.25,21.76666667,27.65,35.5,23.38333333,17.21666667,18.61666667,20.98333333,31.08333333,30.05,24.45,38.01666667,35.18333333,26.78333333,25.15,35.93333333,47.98333333,26.65,28.16666667,26.51666667,22.7,29.3,32.2,18.01666667,34.63333333,32.5,29.33333333,26.3,20.71666667,34.68333333,31.4,25.93333333,22,27.55,42.58333333,27.2,34.21666667,34.4,23.11666667,27.08333333,14.98333333,35,26.56666667,22.76666667,29.88333333,37.65,23.5,27.58333333,25.45,30.9,33.41666667,25.63333333,26.28333333,14.23333333,38.2,20.86666667,24.16666667,37.53333333,24.81666667,25.93333333,30.55,22.1,21.86666667,20.78333333,25.03333333,29.16666667,28.18333333,15.76666667,13.3,31.36666667,32.63333333,26,35.1,21.3,19.63333333,31.68333333,23.31666667,25.41666667,35.33333333,38.38333333,26.08333333,39.18333333,35.36666667,36.61666667,23.38333333,28.68333333,31.65,28.26666667,12.76666667,29.43333333,33.68333333,25.05,33.1,32.41666667,38.08333333,28.68333333,30.86666667,34.16666667,27.46666667,9.166666667,37.73333333,35.13333333,35.76666667,30.18333333,37.61666667,13.58333333,29.8,30.13333333,35.6,22.63333333,24.03333333,41.41666667,23.65,31.01666667,37.81666667,37.06666667,33.28333333,27.28333333,20.95,22.13333333,32.53333333,36.66666667,34.96666667
39.22,25.93,24.03,23.83,23.72,11.47,29.05,28.15,18.52,21.23,14.17,23.77,30.57,38.78,38.85,25.48,23.37,31.62,31.52,31.07,28.40,30.97,33.53,23.98,21.17,26.72,26.23,21.07,10.68,12.33,30.55,23.40,49.28,30.67,22.75,8.63,6.75,30.07,25.95,29.83,22.12,26.53,28.95,12.55,28.08,25.95,33.03,20.98,27.08,27.97,26.43,28.82,28.58,32.57,25.37,2.40,5.65,21.27,19.00,30.67,22.83,25.80,14.37,13.87,21.95,11.18,32.22,35.92,25.85,32.30,22.32,33.48,20.03,24.67,35.48,31.45,24.60,26.22,25.40,30.02,21.08,31.00,28.02,45.98,31.32,21.50,31.23,32.47,26.80,22.98,24.85,33.68333333,26.23333333,31.91666667,25.51666667,32.16666667,21.6,18.25,19.83333333,16.81666667,34.28333333,30.03333333,31.4,29.15,25.46666667,9.066666667,10.3,23.25,35.66666667,22.91666667,21.5,27.96666667,34.21666667,27.58333333,22.45,23.56666667,23.81666667,31.5,23.28333333,24.71666667,17.56666667,31.55,33.9,36.68333333,18.81666667,31.83333333,24.6,27.85,28.1,32.61666667,42.83333333,25.71666667,25.83333333,30.6,27.85,9.633333333,29.96666667,28.46666667,17.3,15.53333333,28.66666667,40.51666667,17.86666667,25.13333333,30.01666667,32.41666667,37.96666667,35.06666667,17.15,30.91666667,32.96666667,28.48333333,23.13333333,28.81666667,55.33333333,8.633333333,22.3,23.81666667,20,20.81666667,23.71666667,36.8,33.88333333,31.36666667,19.95,28.96666667,19.45,38.73333333,27.45,23.23333333,20.7,29.48333333,34.1,25.21666667,39.23333333,27.48333333,19.98333333,28.16666667,30.15,28.1,13.58333333,22.7,36.31666667,30.73333333,14.35,19.2,10.35,23.3,26.3,17.15,17.8,26.06666667,31.25,25.88333333,29.16666667,30.61666667,30.08333333,31.21666667,35.81666667,16.56666667,10.33333333,37.95,6.9,34.18333333,35.53333333,17.01666667,24.7,36.38333333,37.65,14.33333333,26.61666667,26.15,24.05,36.9,28.31666667,30.41666667,28.41666667,45.71666667,11.61666667,30.7,42.85,43.96666667,16.66666667,27.9,36.65,22.05,23.55,21.05,24.88333333,30.51666667,17.3,20.3,43.1,33.7,35.88333333,35.26666667,32.48333333,27.41666667,31.3,28.23333333,28.85,32.68333333,31.3,20.16666667,22.9,23.21666667,40.61666667,20.35,22.11666667,32.93333333,17.05,24.1,42.83333333,42.08333333,40.63333333,18.53333333,25.96666667,27.15,35,41.66666667,28.06666667
36.40,23.12,17.85,16.72,18.00,10.48,23.32,18.97,16.47,14.12,20.28,17.50,25.17,31.67,31.75,14.53,17.63,24.52,24.40,23.95,33.68,33.22,27.80,21.92,21.13,20.98,20.85,13.47,15.57,12.50,24.82,10.28,42.18,24.95,22.67,14.18,16.00,22.97,18.85,22.73,15.00,19.42,23.25,21.05,22.35,20.22,25.93,8.93,24.27,33.27,23.62,26.00,25.77,25.47,21.60,17.88,20.08,15.08,16.48,28.10,17.45,22.98,21.47,19.42,16.55,17.55,27.95,31.43,18.75,27.03,18.93,26.37,10.60,21.85,28.38,24.35,21.78,23.40,22.60,27.20,26.38,23.47,25.22,38.87,36.62,7.07,25.52,33.05,28.65,20.93,17.75,25.98333333,20.5,32.36666667,22.58333333,29.25,16.1,12.75,14.83333333,14.56666667,30.25,22.81666667,24.18333333,26.45,19.01666667,23.35,23.45,16.01666667,28.45,22.7,19.23333333,25.05,28.7,20.3,20.2,16.33333333,18.31666667,29.46666667,24.51666667,25.95,24.45,25.81666667,26.66666667,29.45,15.86666667,26.95,26.33333333,29.56666667,21.45,25.4,35.6,22.76666667,22.88333333,25.1,18.26666667,18.21666667,27.01666667,25.51666667,13.3,10.03333333,22.16666667,33.3,20.18333333,15.4,24.28333333,21.21666667,30.73333333,27.83333333,11.85,28.16666667,28.71666667,21.31666667,15.43333333,26.08333333,48.1,15.8,16.8,16.13333333,12.3,26.08333333,28.65,31.06666667,30.93333333,28.41666667,19.46666667,21.26666667,9.133333333,32.46666667,22.96666667,15.55,11.03333333,21.96666667,39.38333333,19.68333333,32.01666667,24.53333333,3.65,11.21666667,24.41666667,25.15,11.15,11.58333333,29.08333333,27.78333333,20.28333333,17.73333333,12.86666667,21.03333333,23.55,22.43333333,23.06666667,20.15,28.3,18.66666667,21.95,27.66666667,22.86666667,23.98333333,28.58333333,18.9,18.66666667,32.2,14.18333333,26.96666667,28.3,9.716666667,18.96666667,29.16666667,30.43333333,13.41666667,31.6,19.1,9,29.66666667,21.1,22.61666667,25.46666667,38.5,14.13333333,35.96666667,35.63333333,36.73333333,13.53333333,22.4,29.43333333,16.53333333,17.81666667,19.58333333,30,23.21666667,24.18333333,22.55,35.86666667,26.48333333,28.66666667,31.95,25.25,21.68333333,28.38333333,25.28333333,25.9,27.16666667,28.56666667,13.93333333,19.95,20.26666667,33.38333333,13.05,14.8,37.25,9.216666667,21.15,35.6,34.86666667,33.4,24.08333333,18.73333333,19.93333333,29.5,34.45,25.11666667
34.42,24.27,11.93,11.28,14.73,20.85,20.72,11.55,17.60,8.68,28.38,12.17,22.42,24.92,25.00,11.07,14.37,20.23,20.12,19.67,35.87,34.35,24.37,23.07,29.17,18.38,20.43,11.13,23.65,21.30,21.57,6.93,37.88,21.68,30.77,24.32,22.42,18.68,12.88,18.43,9.57,12.67,17.70,23.90,19.75,13.75,19.78,13.52,25.42,35.45,24.77,27.15,26.92,21.17,23.03,26.65,23.90,17.35,17.62,29.25,20.40,24.13,22.60,20.57,19.50,19.13,25.73,28.23,5.45,22.75,27.08,22.08,21.52,23.00,24.10,20.07,22.93,24.55,23.73,28.35,30.97,20.42,26.35,34.58,38.80,13.62,22.90,34.18,29.78,22.07,12.32,22.45,11.51666667,33.21666667,23.43333333,27.71666667,18.81666667,15.48333333,17.56666667,15.41666667,27.5,18.25,19.6,27.3,25.15,29.63333333,30.85,14.71666667,23.88333333,23.55,20.1,25.9,25,14.68333333,21.06666667,5.183333333,21.05,30.31666667,25.36666667,26.8,25.3,22.9,22.1,24.88333333,16.71666667,23.8,27.2,30.43333333,17.7,20.83333333,28.58333333,23.61666667,23.75,22,6.316666667,21.8,27.88333333,26.36666667,14.95,12.76666667,18.41666667,28.71666667,27.9,21.73333333,17.38333333,8.55,23.71666667,21.5,15.45,29.01666667,25.96666667,16.8,15.33333333,26.93333333,41.08333333,19.38333333,18.71666667,17.51666667,13.7,29.66666667,29.51666667,28.15,27.85,25.71666667,20.33333333,17.81666667,11.71666667,27.9,22.18333333,16.95,19.11666667,18.51666667,40.56666667,17.75,27.43333333,25.4,18.33333333,15.38333333,21.5,26,17.56666667,12.35,22.98333333,28.65,28,18.58333333,16.45,21.9,24.41666667,30.15,27.78333333,11.9,29.16666667,14.08333333,17.38333333,28.53333333,16.65,17.78333333,22.38333333,26.61666667,26.38333333,27.68333333,17.76666667,22.38333333,21.28333333,20.26666667,12.33333333,24.58333333,25.85,17,32.46666667,14.35,7.916666667,24.78333333,16.53333333,18.63333333,26.33333333,31.48333333,17.08333333,37.16666667,28.46666667,29.71666667,14.38333333,19.46666667,24.86666667,19.26666667,14.26666667,20.43333333,30.86666667,29.55,25.03333333,23.41666667,31.3,21.9,24.1,27.38333333,20.68333333,18.76666667,28.5,26.13333333,26.76666667,23.4,28.4,17.95,20.8,21.13333333,28.81666667,13.63333333,13.61666667,38.11666667,14.65,22.01666667,31.03333333,30.28333333,26.38333333,29.8,14.16666667,15.35,25.75,29.88333333,25.96666667
31.30,20.07,26.10,30.43,25.78,24.17,31.10,30.20,18.88,27.85,9.47,28.30,25.05,42.32,43.27,32.10,25.42,28.97,32.28,33.35,12.87,15.43,35.58,19.13,23.82,28.77,25.35,28.88,16.12,15.25,32.60,29.80,43.97,32.73,25.42,20.37,21.37,36.75,32.33,36.52,28.72,33.15,33.47,8.12,30.13,28.02,37.85,28.30,17.57,12.43,19.98,21.90,21.68,30.35,23.13,18.55,17.55,23.32,20.80,23.63,24.88,19.35,12.63,11.97,23.17,11.60,25.02,27.42,32.47,29.00,24.98,37.85,22.22,16.93,40.35,37.10,18.15,20.35,18.95,23.82,5.55,30.15,21.57,40.67,15.78,26.70,33.30,16.93,11.27,19.38,29.82,31.2,26.5,16.15,16.78333333,24.11666667,26.86666667,24.35,21.7,19.43333333,26.23333333,33.25,33.76666667,21.31666667,25.73333333,14.46666667,11.88333333,29.23333333,29.95,12.86666667,19.51666667,19.91666667,25.63333333,30.86666667,20.46666667,29.55,22.58333333,15.73333333,11.23333333,12.66666667,8.283333333,31.83333333,33.35,37.45,15.81666667,24.36666667,8.833333333,12.06666667,27.95,38.41666667,46.53333333,18.53333333,18.65,25.65,28.11666667,14.76666667,22.83333333,20.38333333,24.65,23.15,25.06666667,34.76666667,18.45,25.4,30.28333333,32.68333333,42.85,40.63333333,25.33333333,23.03333333,25.15,31.81666667,27.53333333,20.95,50.55,16.2,24.66666667,28.6,26.13333333,5.033333333,7.933333333,37.06666667,27.41666667,23.03333333,16.26666667,29.7,25.58333333,30.38333333,19.4,26.98333333,20.96666667,26.38333333,18.31666667,27.03333333,38.58333333,21.01666667,23.06666667,28.43333333,30.41666667,19.76666667,23.7,29.61666667,40.93333333,22.4,8.95,17.98333333,19.61666667,16.6,18.41666667,5.683333333,2.016666667,26.33333333,22.91666667,31.88333333,35.16666667,20.73333333,36.06666667,37.2,41.8,20.03333333,12.51666667,38.21666667,18.36666667,35.95,39.25,17.41666667,24.96666667,30.63333333,31.91666667,22.45,10.83333333,30.31666667,26.21666667,38.2,32.53333333,31.03333333,20.08333333,49.43333333,17.3,14.91666667,37.11666667,39.66666667,19.15,24.3,31.05,25.28333333,23.83333333,19.83333333,9.416666667,31.43333333,8.783333333,12.33333333,39.53333333,30.75,31.13333333,26.93333333,35.08333333,27.68333333,23.25,21.83333333,20.78333333,28.73333333,23.43333333,20.43333333,15.23333333,15.03333333,32.41666667,27.31666667,29.31666667,17.15,25.23333333,16.01666667,37.08333333,36.33333333,40.81666667,6.783333333,31.95,32.66666667,28.3,34.46666667,16.95
28.70,15.42,30.28,21.83,27.42,19.82,35.30,30.10,9.10,19.23,18.55,18.52,21.57,35.32,36.85,23.48,27.05,23.27,25.22,25.95,27.02,25.52,37.05,15.20,26.90,32.97,18.68,20.28,20.20,18.07,34.25,21.40,41.35,34.37,28.50,18.13,17.82,26.97,22.53,26.73,20.12,24.53,23.68,8.53,34.33,29.15,28.07,21.32,16.57,26.60,15.92,18.30,18.07,24.67,17.63,14.78,12.53,27.52,11.13,20.40,17.60,15.28,6.52,4.12,13.37,5.57,22.22,24.80,23.85,23.32,28.07,28.07,25.78,14.15,30.97,27.30,14.08,15.70,14.88,19.50,17.65,22.38,17.50,38.05,29.95,22.43,37.48,25.33,20.93,13.37,20.03,24.86666667,28.91666667,24.55,14.76666667,21.45,17.31666667,14.8,13.8,9.883333333,23.56666667,23.71666667,26.36666667,18.63333333,31.8,13.55,14.76666667,21.06666667,27.53333333,14.21666667,12.16666667,17.23333333,23.21666667,21.33333333,13.13333333,21.38333333,16.86666667,21.65,14.6,16.03333333,8.866666667,37.9,29.8,33.05,8.05,21.7,18.7,20.98333333,20.36666667,28.88333333,40.65,14.96666667,15.08333333,21.28333333,29.36666667,9.416666667,19.21666667,17.7,16.76666667,14.15,19.35,32.35,22.65,31.46666667,30.68333333,31.78333333,33.31666667,31.1,17.43333333,20.36666667,22.2,22.28333333,18,18.26666667,48.13333333,10.66666667,15.13333333,19.06666667,18.23333333,18.5,18.93333333,40.65,23.13333333,20.6,9.183333333,20.15,17.66666667,27.96666667,16.73333333,17.43333333,27.05,20.85,31.9,17.5,33.9,16.73333333,24.43333333,28.05,36.5,17.35,17.56666667,21.75,33.28333333,19.98333333,18.48333333,8.45,13.13333333,13.91666667,15.75,15.15,13.8,25.2,20.5,22.85,26.15,19.86666667,27.43333333,29.05,33.65,24.98333333,14.86666667,40.56666667,12.83333333,28.85,33.36666667,22.86666667,25.2,28.21666667,29.48333333,14.98333333,23.8,20.76666667,22.28333333,31.56666667,22.98333333,21.5,17.66666667,43.55,10.66666667,28.5,34.7,37.25,11.1,18.58333333,28.63333333,18.56666667,27.13333333,10.28333333,16.2,36.36666667,8.616666667,11.6,37.11666667,25.35,28.71666667,24.51666667,28.75,33.75,20.58333333,17.48333333,18.1,23.35,20.75,26.5,12.15,12.46666667,30,19.4,21.16666667,29.45,17.33333333,13.35,34.66666667,33.91666667,38.76666667,14.41666667,22.93333333,23.11666667,25.66666667,32.03333333,17.3
33.53,24.17,25.98,13.58,23.68,20.05,31.98,25.60,12.98,15.50,33.38,8.55,16.92,27.55,31.93,19.75,23.32,18.62,17.47,18.20,35.77,34.25,33.32,17.40,32.10,29.65,13.22,15.30,26.98,23.27,30.52,17.67,36.92,30.63,33.70,25.75,23.85,17.00,12.58,16.77,15.48,20.80,13.72,22.52,30.82,25.42,18.10,17.25,25.30,35.35,21.48,22.88,22.67,20.00,15.53,28.08,25.33,26.98,16.70,23.65,13.12,24.03,21.65,19.60,6.23,17.77,20.23,23.17,20.13,18.65,32.33,20.32,24.27,20.17,23.20,18.38,22.83,24.45,23.63,25.27,30.87,14.63,24.80,33.62,38.70,17.73,34.18,34.08,29.68,17.18,10.07,16.96666667,25.28333333,33.46666667,23.68333333,22.45,14.53333333,11.2,11.35,9.95,22.23333333,15.8,18.45,21.85,31.53333333,29,30.23333333,12.55,23.18333333,23.8,14.63333333,20.65,20.26666667,12.61666667,15.6,17.75,14.73333333,30.56666667,25.61666667,27.05,24.68333333,34.01666667,21.41666667,25.15,16.96666667,18.51666667,27.43333333,30.68333333,12.43333333,18.71666667,34.98333333,23.31666667,22.73333333,16.73333333,25.71666667,20.9,24.38333333,21.86666667,15.26666667,10.25,13.13333333,28.03333333,31.85,27.56666667,27.05,28.13333333,23.15,20.93333333,13.33333333,23.6,20.68333333,12.28333333,6.416666667,21.51666667,43.8,19.75,9.666666667,4.983333333,10.51666667,29.9,29.75,37.01666667,24.21666667,21.03333333,20.05,12.25,13.01666667,27.21666667,16.75,6.516666667,24.3,12.95,40.81666667,10.66666667,25.98333333,25.63333333,20.31666667,23.38333333,33.08333333,26.8,15.9,16.8,23.11666667,28.9,32.78333333,17.01666667,18.16666667,16.43333333,19,29.45,28.03333333,21.56666667,27.01666667,12.68333333,15.98333333,28.76666667,17.28333333,22.78333333,24.83333333,30.31666667,30.33333333,36.91666667,19.48333333,20.95,25.31666667,23.66666667,21.56666667,23.9,25.16666667,17.2,32.7,10.6,17.61666667,23.65,15.08333333,13.6,24.91666667,38.6,16,37.4,30.36666667,32.93333333,13.3,14.18333333,24.91666667,12.61666667,23.5,19.28333333,31.1,35.38333333,24.41666667,23.13333333,30.61666667,20.73333333,23.4,26.21666667,20,30.35,23.23333333,24.65,22.33333333,18.73333333,23.11666667,26.1,21.05,21.36666667,28.13333333,10.61666667,11.75,38.35,13.23333333,22.25,30.35,29.6,29.06666667,28.71666667,12.76666667,14.66666667,21.06666667,29.18333333,26.21666667
29.63,27.85,21.50,9.83,18.40,24.70,26.70,21.12,19.12,12.22,32.27,10.87,19.63,20.10,23.58,17.53,18.03,15.43,15.32,14.87,39.22,37.27,28.03,23.53,33.07,24.37,17.65,16.92,27.53,25.18,25.22,15.45,33.10,25.35,34.67,27.90,26.00,8.32,8.77,5.57,11.77,15.82,5.55,27.48,25.53,20.13,11.17,22.08,29.00,39.15,27.63,29.03,28.82,16.38,20.27,30.25,27.48,22.85,21.22,28.05,19.73,27.72,26.18,24.15,18.18,22.73,22.15,23.45,16.12,17.95,30.97,12.93,28.10,26.30,13.73,9.70,26.52,28.13,27.32,28.68,34.67,16.52,29.93,29.80,42.50,20.30,28.90,37.08,32.68,23.15,12.25,17.68333333,19.73333333,36.83333333,26.35,24.9,20.61666667,17.28333333,17.45,16.03333333,24.68333333,12.76666667,14.83333333,26,29.13333333,33.23333333,34.46666667,13.43333333,19.11666667,27.16666667,20.71666667,24.85,20.23333333,11.86666667,21.68333333,13.46666667,20.95,33.93333333,28.98333333,30.41666667,28.91666667,28.48333333,17.33333333,19.18333333,20.33333333,19.98333333,30.8,34.05,14.88333333,10.53333333,26.38333333,27.23333333,27.36666667,19.18333333,19.93333333,25.41666667,30.46666667,26.01666667,18.55,16.33333333,15.58333333,23.95,31.88333333,25.71666667,21.5,22.98333333,16.03333333,12.98333333,19.06666667,26.76666667,23.13333333,14.86666667,14.03333333,25.66666667,38.9,23,15.9,17.35,16.61666667,33.28333333,33.13333333,31.46666667,23.08333333,20.95,23.95,14.03333333,15.33333333,23.13333333,19.35,16.4,26.61666667,16,44.18333333,14.91666667,18.25,29.01666667,25.11666667,23.9,27.55,24.68333333,21.18333333,18.1,14.23333333,31.55,31.98333333,22.2,20.06666667,22.51666667,23.15,34.15,31.4,16.01666667,26.65,8.616666667,9.85,31.48333333,10.15,16.95,17.71666667,30.58333333,30.35,31.38333333,21.38333333,14.98333333,16.43333333,24.25,16.01666667,19.81666667,21.1,20.61666667,36.06666667,7.966666667,16.43333333,15.91666667,10.43333333,13.86666667,25,29.28333333,20.7,40.78333333,26.3,27.51666667,18,16.63333333,20.1,21.06666667,17.95,24.05,34.48333333,33.53333333,28.65,27.03333333,25.51666667,17.13333333,19.33333333,22.61666667,15.91666667,24.81666667,25.68333333,27.58333333,28.41666667,18.63333333,25.56666667,23.51666667,24.41666667,24.75,24.05,15.18333333,14.93333333,41.03333333,18.26666667,25.63333333,26.26666667,25.51666667,21.53333333,33.41666667,8.683333333,10.58333333,20.98333333,25.11666667,29.58333333
36.03,34.27,27.92,16.25,23.63,31.12,33.12,27.53,24.30,17.82,38.67,16.05,24.68,14.65,18.67,23.75,22.83,20.82,21.73,21.28,45.62,43.67,34.45,28.72,39.47,30.78,24.07,23.33,33.95,31.58,30.45,21.67,31.95,30.15,41.07,34.30,32.42,14.73,12.75,14.00,17.77,15.03,14.20,33.85,31.03,26.53,9.92,28.30,35.40,45.57,32.80,34.22,34.00,21.75,26.67,36.65,33.88,29.27,27.62,34.45,26.13,34.13,32.60,30.55,24.60,29.08,27.53,28.83,22.35,23.33,37.38,15.15,34.50,31.48,9.33,12.42,32.93,34.55,33.73,35.08,41.08,22.92,36.12,31.88,48.92,26.70,35.30,43.50,39.10,28.43,17.43,23.16666667,26.06666667,43.18333333,32.68333333,31.23333333,25.7,22.36666667,22.51666667,21.11666667,31.01666667,19.1,19.08333333,32.35,35.46666667,39.58333333,40.8,18.51666667,25.45,33.51666667,25.8,31.18333333,25.46666667,18.2,26.76666667,19.6,27.28333333,40.26666667,35.31666667,36.75,35.25,33.16666667,19.58333333,20.61666667,26.66666667,25.26666667,37.15,40.38333333,21.21666667,8.65,21.16666667,33.58333333,33.9,24.95,26.26666667,31.76666667,35.55,32.35,25.2,21.41666667,21.93333333,23.4,38.21666667,32.05,24.18333333,29.33333333,5.616666667,2.15,24.5,33.11666667,29.48333333,20.76666667,19.11666667,32.01666667,33.68333333,29.35,22.23333333,22.41666667,21.68333333,39.61666667,39.46666667,37.61666667,29.43333333,26.21666667,30.28333333,20.38333333,21.66666667,29.31666667,25.7,21.85,32.95,22.33333333,50.51666667,21.26666667,15.7,35.35,31.45,30.15,33.88333333,31.01666667,27.06666667,24.45,9.016666667,37.9,38.31666667,28.18333333,26.41666667,27.6,29.48333333,40.61666667,37.75,22.36666667,32.98333333,14.95,16.2,37.83333333,13.68333333,8.366666667,8.983333333,36.93333333,36.7,34.25,27.73333333,15.1,11.21666667,30.58333333,22.35,26.16666667,27.43333333,26.95,42.41666667,14.31666667,22.68333333,10.5,15.38333333,20.2,31.35,24.06666667,27.18333333,47.11666667,21.05,22.3,24.48333333,22.73333333,26.26666667,26.15,23.68333333,30.45,40.81666667,39.86666667,35,33.36666667,21.63333333,22.41666667,25.5,28.78333333,22.25,30.7,32.01666667,33.93333333,33.5,23.91666667,31.91666667,29.85,30.76666667,31.08333333,28.25,20.26666667,20.01666667,47.36666667,24.4,31.96666667,27.61666667,27.6,16.31666667,39.88333333,15.03333333,16.93333333,26.25,31.45,35.93333333
40.00,27.30,40.37,37.67,40.05,36.85,45.37,42.88,26.47,35.07,23.73,37.12,32.27,49.55,51.97,39.32,39.68,36.18,39.52,40.58,19.95,23.02,49.85,26.37,36.50,41.43,32.57,36.12,30.38,27.92,46.88,37.23,52.67,47.00,39.68,33.03,35.63,43.92,39.80,43.68,35.95,40.37,42.28,22.38,44.42,40.68,46.67,37.97,24.80,10.75,27.22,29.13,28.92,37.58,30.35,31.48,31.82,36.00,28.62,30.87,32.10,26.57,25.90,25.17,32.88,25.87,32.23,35.95,39.70,36.23,37.65,45.33,36.50,24.17,47.58,44.57,25.37,27.58,26.18,31.38,18.68,37.38,28.80,49.37,14.13,38.28,45.97,25.63,19.97,26.62,38.63,38.35,40.43333333,22.83333333,25.23333333,31.26666667,35.41666667,32.9,29.95,27.6,33.38333333,40.88333333,41.75,28.45,39.66666667,28.4,25.81666667,36.38333333,38.4,20.01666667,26.66666667,27.06666667,34.08333333,39.55,27.61666667,36.7,29.73333333,22.41666667,18.38333333,19.81666667,21.16666667,45.75,41.8,45.11666667,22.96666667,31.51666667,18.56666667,21,35.1,45.75,55.16666667,25.66666667,25.8,32.8,42.05,28.7,29.96666667,27.51666667,33.21666667,30.3,32.21666667,43.21666667,32.38333333,39.33333333,44.21666667,46.61666667,51.1,48.2,33.58333333,30.18333333,32.28333333,41.18333333,36.66666667,28.08333333,58.98333333,30.13333333,32.51666667,37.35,33.53333333,17.81666667,19.05,51,34.61666667,31.46666667,26.08333333,37.33333333,32.98333333,38.83333333,26.55,36.58333333,34.9,33.51666667,16.7,35.33333333,47.03333333,28.45,37,42.36666667,44.35,28.21666667,36.16666667,37.05,49.45,30.85,22.88333333,25.68333333,32.73333333,23.73333333,25.56666667,19.61666667,15.95,40.26666667,31.36666667,39.01666667,42.31666667,29.18333333,43.21666667,44.35,48.95,33.96666667,26.45,52.15,32.3,43.1,48.66666667,31.35,38.9,39.08333333,40.35,31.13333333,18.25,38.86666667,37.58333333,45.35,39.83333333,38.35,28.53333333,58.06666667,29.95,6.45,45.56666667,48.11666667,27.25,31.45,39.5,33.85,37.75,27.51666667,22.3,45.36666667,21.65,23.41666667,47.98333333,37.9,39.58333333,35.38333333,42.23333333,41.61666667,30.4,28.95,27.91666667,35.88333333,30.58333333,34.36666667,22.38333333,22.16666667,40.86666667,34.7,36.46666667,23.83333333,33.48333333,23.16666667,45.53333333,44.78333333,49.26666667,20.71666667,39.1,39.96666667,36.81666667,42.9,23.63333333
33.00,19.43,37.40,30.10,35.68,32.72,42.40,38.35,18.88,27.50,20.77,29.53,24.70,41.78,44.97,31.75,35.32,28.42,31.75,32.82,17.33,19.92,45.32,18.80,35.13,40.07,24.48,28.55,27.42,26.55,42.50,29.67,45.67,42.63,36.73,31.05,30.72,36.33,32.22,36.10,28.37,32.80,34.72,19.22,41.45,37.42,39.08,30.40,14.27,14.33,19.63,21.57,21.35,29.82,22.77,27.68,25.45,34.63,21.03,23.28,24.02,19.00,16.38,15.65,25.30,18.48,24.67,28.37,32.12,28.47,36.28,37.75,33.53,16.58,39.50,37.00,17.50,19.28,18.60,23.52,14.73,29.80,21.22,42.28,19.50,30.70,44.60,21.40,15.75,18.52,31.07,30.61666667,36.48333333,16.66666667,18.48333333,23.51666667,27.66666667,25.15,22.21666667,19.86666667,25.63333333,33.15,33.55,20.71666667,36.45,25.18333333,22.61666667,28.63333333,31.25,10.26666667,18.91666667,19.31666667,26.56666667,31.8,19.88333333,28.95,21.21666667,16.36666667,5.516666667,6.766666667,12.5,42.55,34.13333333,36.91666667,13.61666667,23.78333333,4.266666667,3.783333333,27.35,38.01666667,48.01666667,17.93333333,18.05,25.05,36.93333333,21.73333333,22.23333333,19.78333333,25.46666667,22.55,23.68333333,36.11666667,29.18333333,36.13333333,38.25,39.33333333,43.35,40.45,25.85,22.43333333,24.55,33.45,28.93333333,20.35,51.88333333,23.23333333,24,29.61666667,25.78333333,13.73333333,12.1,47.8,26.55,24.36666667,16.73333333,29.58333333,25.23333333,31.73333333,18.8,28.85,31.7,25.78333333,21.6,26.8,39.5,19.06666667,32.83333333,35.61666667,41.15,21.1,28.41666667,29.31666667,41.7,23.71666667,19.68333333,17.93333333,25.45,16,17.83333333,16.41666667,12.75,32.76666667,24.18333333,31.28333333,34.56666667,23.6,35.48333333,36.6,41.2,30.76666667,23.25,48.13333333,25.4,34.9,40.91666667,28.13333333,32.76666667,31.95,33.21666667,23.4,8.883333333,31.11666667,29.83333333,37.15,32.08333333,30.6,21.4,50.93333333,22.2,18.18333333,38.43333333,40.98333333,19.5,22.91666667,31.98333333,25.31666667,34.55,19.78333333,11.11666667,42.15,15.03333333,13.66666667,40.85,29.7,32.45,28.25,34.03333333,38.41666667,22.66666667,20.75,20.18333333,27.7,22.83333333,31.15,13.9,13.68333333,33.73333333,26.96666667,28.71666667,21.21666667,25.75,15.43333333,38.4,37.65,42.13333333,16.3,31.35,32.21666667,29.06666667,35.76666667,14.25
26.98,12.80,33.50,24.85,30.43,27.70,38.75,33.12,13.65,22.25,27.80,24.30,21.73,36.80,38.95,26.52,30.08,23.43,26.77,27.83,25.45,23.80,40.08,15.37,33.83,36.42,19.50,23.30,28.70,25.00,37.27,24.42,39.65,37.38,35.43,27.58,25.70,31.10,26.98,30.87,23.13,27.57,29.48,23.12,37.58,32.18,33.85,25.17,12.52,23.07,11.88,14.27,14.03,24.83,17.78,29.35,26.85,34.72,15.80,17.77,19.03,11.23,18.43,17.70,20.95,19.50,21.42,23.48,26.88,23.48,34.98,33.58,32.18,14.22,34.52,32.48,10.05,13.13,10.85,16.63,21.78,25.63,13.47,36.35,26.25,25.47,40.93,23.63,19.23,13.53,25.82,25.68333333,31.43333333,21.8,12.55,18.78333333,22.63333333,20.11666667,17.16666667,14.81666667,20.55,28.98333333,28.83333333,15.13333333,38.7,27.75,28.96666667,23.6,25.31666667,11.7,14.23333333,16,21,27.65,15.2,23.91666667,16.48333333,17.31666667,12.33333333,13.76666667,13.95,40.18333333,28.71666667,32.18333333,8.9,21.35,16.13333333,18.41666667,23.2,32.96666667,42.08333333,13.18333333,13.31666667,20.9,31.88333333,22.05,14.88333333,14.2,20.13333333,17.51666667,18.96666667,30.13333333,33.01666667,34.75,33.21666667,34.3,38.3,35.41666667,20.8,16.93333333,19.98333333,28.4,23.88333333,14.85,45.91666667,20.91666667,19.26666667,24.56666667,20.75,20.41666667,18.78333333,43.16666667,20.63333333,18.38333333,12.88333333,25.43333333,20.2,25.75,16.36666667,23.98333333,31.48333333,21.61666667,28.01666667,22.08333333,33.95,14.51666667,27.8,30.56666667,39.25,15.13333333,23.38333333,24.26666667,36.66666667,17.76666667,26.36666667,13.7,19.95,13.56666667,12.46666667,23.1,19.43333333,27.73333333,18.28333333,26.23333333,29.51666667,17.65,30.43333333,31.56666667,36.16666667,31.46666667,29.06666667,43.08333333,22.1,30.18333333,35.88333333,29.36666667,27.71666667,26,27.26666667,18.35,19.45,26.08333333,24.8,32.43333333,27.93333333,26.45,15.45,44.98333333,17.16666667,24.6,32.48333333,35.03333333,14.46666667,18.2,26.41666667,20.6,29.65,15.53333333,18.61666667,42.58333333,17.01666667,15.63333333,34.9,24.96666667,26.5,22.3,29.31666667,36.51666667,17.15,14.98333333,13.76666667,22.96666667,17.33333333,33.28333333,6.066666667,8.116666667,27.78333333,21.91666667,23.68333333,27.23333333,20.7,9.783333333,32.45,31.7,36.18333333,22.28333333,26.31666667,27.5,23.66666667,29.81666667,14.18333333
22.60,19.78,28.60,13.23,25.48,25.27,33.78,28.20,16.17,15.60,32.25,13.02,5.98,21.05,25.42,21.55,25.12,7.68,11.02,12.08,32.10,30.08,35.12,12.68,32.75,31.45,6.12,21.43,27.62,23.90,32.32,19.47,30.93,32.43,34.33,26.50,24.60,17.70,16.72,17.45,15.57,22.90,17.85,23.17,32.62,27.22,22.23,22.45,22.75,30.68,14.15,15.57,15.35,9.08,6.17,28.85,25.75,29.95,17.35,14.00,5.92,17.95,22.73,20.68,10.12,18.40,10.17,12.25,22.60,7.73,33.90,17.83,29.47,14.37,18.77,17.08,18.02,23.23,18.92,17.80,27.20,9.88,17.67,27.63,33.87,23.93,35.98,29.92,25.52,9.07,12.37,10.3,26.93333333,29.75,19.35,12.16666667,16.56666667,15.3,16.01666667,12.23333333,11.95,13.6,13.45,12,36.33333333,30.13333333,31.35,19.83333333,17.11666667,19.35,10.36666667,10.8,9.116666667,12.26666667,11.31666667,20.15,8.316666667,25.26666667,21.7,22.61666667,22.95,35.66666667,14.03333333,16.8,12.96666667,7.366666667,23.51666667,26.75,7.816666667,20,28.91666667,17.2,16.85,5.516666667,27.13333333,21.55,16.9,12.01666667,20.06666667,17,3.583333333,21.96666667,32.5,32.9,28.7,30.41666667,25.91666667,22.43333333,18.65,13.75,10.4,13.96666667,12.66666667,11.66666667,37.73333333,20.4,9.266666667,13.73333333,17.81666667,25.98333333,25.83333333,38.66666667,13.93333333,9.866666667,18.88333333,10.05,19.25,18.51666667,6.116666667,12.51666667,30.53333333,6.233333333,35.96666667,9.116666667,19.38333333,22.36666667,25.63333333,28.15,34.75,16.51666667,21.21666667,23.05,22.31666667,24.55,31.05,14.93333333,19.43333333,9.583333333,9.15,27.78333333,24.11666667,23.21666667,17.16666667,13.83333333,15.7,24.48333333,21.36666667,25.31666667,28.91666667,30.96666667,31.45,38.58333333,21.6,14.8,26.18333333,28.98333333,23.21666667,17.83333333,19.1,17.85,27.4,13.91666667,20.68333333,17.05,12.55,11.06666667,15.06666667,32,16.66666667,32.55,24.3,26.86666667,13.96666667,2.25,13.75,12.98333333,25.15,14.35,27.18333333,40.73333333,25.51666667,21.58333333,23.55,9.583333333,16.33333333,15.06666667,13.93333333,32,12.95,16.5,15.15,7.583333333,12.83333333,30.7,18.26666667,17.83333333,21.63333333,16.86666667,18.85,34.01666667,18.55,16.31666667,24.28333333,23.53333333,23,29.36666667,13.41666667,12.68333333,9.9,22.58333333,22.11666667
24.83,23.87,23.83,14.55,20.72,27.03,29.03,23.45,22.20,15.72,34.58,13.95,13.57,16.67,21.03,19.85,20.37,9.70,10.33,8.75,34.42,32.45,30.37,22.18,35.38,26.70,14.40,19.25,29.87,27.50,27.55,17.77,28.30,27.67,36.98,30.22,28.33,14.83,12.87,14.90,14.08,18.13,15.07,29.82,27.87,22.45,19.45,24.42,31.32,34.77,23.67,25.07,24.85,10.65,17.00,32.57,29.80,25.18,23.53,23.52,16.70,25.32,28.52,26.47,15.78,25.05,16.42,17.72,18.45,12.22,33.30,12.33,30.42,23.88,14.38,11.58,27.10,26.25,23.12,23.88,36.70,11.53,27.18,24.98,37.77,22.62,31.22,32.28,27.88,19.90,14.37,12.71666667,22.05,32.15,21.58333333,21.71666667,23.78333333,20.36666667,20.51666667,19.11666667,21.5,11.26666667,4.183333333,21.5,31.45,35.56666667,36.78333333,16.5,14.33333333,29.48333333,21.23333333,20.3,14.48333333,14.13333333,20.85,15.78333333,17.98333333,34.31666667,31.18333333,31.01666667,31.23333333,30.8,9.45,12.23333333,22.65,14.26666667,33,35.7,11.7,17.31666667,24.96666667,26.93333333,26.33333333,13.96666667,22.25,27.73333333,26.33333333,21.5,20.88333333,18.7,12.41666667,19.18333333,34.2,28.03333333,23.81666667,25.31666667,23.23333333,19.75,21.38333333,23.58333333,19.95,15.83333333,14.2,21.15,34.95,25.31666667,12.93333333,15.26666667,19.36666667,35.48333333,35.33333333,33.78333333,18.31666667,15.23333333,26.26666667,11.91666667,17.65,18.15,16.16666667,14.06666667,28.93333333,11.05,40.15,11.96666667,14.86666667,24.6,27.43333333,26.21666667,29.86666667,19.91666667,23.5,20.41666667,17.8,26.78333333,34.3,24.53333333,22.38333333,18.98333333,18.63333333,36.46666667,33.6,18.33333333,21.86666667,13.3,10.03333333,26.71666667,18.4,20.43333333,25.03333333,32.9,32.66666667,33.7,23.7,8.033333333,23.2,26.56666667,18.33333333,15.05,16.31666667,22.93333333,33.03333333,12.66666667,18.75,12.53333333,7.4,8.9,20.23333333,27.46666667,23.01666667,36.78333333,21.28333333,24.08333333,20.31666667,11.73333333,15.11666667,20.21666667,20.26666667,25.21666667,36.68333333,35.85,30.96666667,29.35,19.06666667,11.41666667,14.33333333,17.63333333,11.15,27.13333333,21.96666667,22.81666667,24.63333333,12.91666667,22.4,25.83333333,26.73333333,27.33333333,19.26666667,18.4,18.01666667,36.25,20.58333333,25.81666667,21.48333333,20.75,20.23333333,35.73333333,9.183333333,8.35,15.26666667,20.33333333,27.63333333
31.37,30.42,32.68,23.73,23.37,37.08,33.70,32.83,32.15,25.93,39.27,23.90,20.90,6.60,10.97,29.00,22.57,17.03,19.83,19.07,40.95,39.00,35.75,29.53,40.07,31.37,24.90,28.38,34.53,32.18,30.18,26.92,24.82,29.88,41.67,38.80,38.38,19.90,21.08,21.48,24.03,21.62,21.12,39.87,30.77,28.80,18.52,33.55,39.60,41.30,31.00,32.40,32.18,17.98,24.95,38.37,39.85,29.87,33.58,31.25,24.70,31.85,38.57,36.52,26.75,35.10,23.77,25.67,26.05,19.55,37.97,15.03,35.10,31.22,10.77,14.45,33.65,32.78,29.65,30.42,43.30,21.35,34.43,24.75,44.30,32.67,35.90,38.82,34.42,27.73,25.33,19.41666667,30.95,38.51666667,27.95,27.85,33.5,30.16666667,30.31666667,28.91666667,27.63333333,22.11666667,16.2,28.75,36.15,42.05,42.15,26.31666667,20.05,37.96666667,28.96666667,27.55,22,24.98333333,29.93333333,23.31666667,27.03333333,40.68333333,38.43333333,37.4,39.68333333,33.03333333,14,17.33333333,31.58333333,21.51666667,39.63333333,42.08333333,22.55,17.1,15,34.18333333,33.6,21.21666667,31.13333333,37.53333333,32.71666667,28.75,30.98333333,28.5,22.28333333,17.21666667,38.9,32.71666667,28.63333333,33.7,17.48333333,13.95,31.18333333,29.71666667,26.78333333,26.68333333,25.05,28.41666667,27.5,35.13333333,23.78333333,26.11666667,29.48333333,42.46666667,42.58333333,37.48333333,24.68333333,22.88333333,36.06666667,22.76666667,27.45,21.71666667,22.86666667,24.91666667,37.5,22.21666667,46.51666667,22.81666667,11.95,30.96666667,37.23333333,35.26666667,34.56666667,26.28333333,33.31666667,29.46666667,7.833333333,33.15,39,33.53333333,32.18333333,26.23333333,25.88333333,41.13333333,40.58333333,28.63333333,28.25,22.35,20.96666667,33.1,21.51666667,19.75,18.8,37.6,37.36666667,34.11666667,33.5,11.36666667,13.43333333,31.26666667,23.03333333,21.31666667,22.15,32.73333333,39.4,21.71666667,27.8,6.766666667,15.93333333,20.08333333,26.61666667,17.51666667,32.81666667,43.15,14.86666667,16.13333333,30.11666667,19,22.25,31.06666667,23.55,32.96666667,43.93333333,40.55,40.76666667,39.15,12.9,18.68333333,17.98333333,21.18333333,14.36666667,30.56666667,29.28333333,29.18333333,31.9,20.16666667,28.53333333,30.51666667,35,34.58333333,22.08333333,28.06666667,27.81666667,42.63333333,30.38333333,33.06666667,20.86666667,21.41666667,10.26666667,42.8,20.35,19.1,22.51666667,24.86666667,34
36.87,25.65,45.42,41.80,45.10,43.48,50.42,49.52,30.60,39.22,30.38,41.25,37.17,47.63,48.82,43.47,44.73,37.53,41.22,41.32,12.12,16.67,54.90,33.17,43.13,48.08,37.85,40.25,35.43,34.57,51.93,41.37,49.52,52.05,44.73,39.68,40.93,46.15,43.93,45.90,40.08,44.52,46.08,29.02,49.45,47.33,50.45,42.12,27.90,21.52,28.78,31.18,29.42,37.98,36.13,38.12,38.47,42.63,32.75,30.22,37.38,27.35,32.55,31.82,37.90,32.50,34.67,32.97,43.83,34.72,44.30,45.30,41.53,32.37,45.35,44.53,25.17,27.73,25.15,29.37,24.75,42.00,29.93,46.22,10.32,42.42,52.62,11.40,19.05,31.88,42.77,38.1,46.9,21.55,21.75,34.9,39.21666667,36.7,33.76666667,31.41666667,36,42.98333333,38.73333333,30.01666667,46.13333333,34.86666667,32.28333333,40.18333333,34.9,27.81666667,32.2,32.1,30.6,44.53333333,33.15,40.5,34.45,21.13333333,25.26666667,21.56666667,26.83333333,52.23333333,38.3,42.41666667,30.3,35.43333333,21.46666667,23.1,41.3,47.66666667,51.66666667,31.15,31.26666667,39,48.48333333,35.16666667,29.38333333,30.31666667,37.03333333,34.1,36.91666667,39.73333333,38.86666667,45.8,49.8,50.9,53.05,50.1,37.4,29.63333333,31.61666667,45,40.48333333,30.96666667,55.5,36.6,37.23333333,41.16666667,37.35,23.48333333,24.71666667,57.46666667,31.93333333,27.98333333,34.11666667,43.53333333,36.78333333,35.35,32.75,40.58333333,41.38333333,39.71666667,2.833333333,40.03333333,43.53333333,26.15,43.46666667,47.16666667,50.81666667,24.71666667,39.96666667,40.86666667,48.05,27.35,29.35,30.28333333,36.53333333,30.11666667,28.56666667,26.08333333,22.41666667,44.31666667,27.86666667,42.83333333,41.76666667,25.68333333,47.03333333,48.16666667,52.76666667,40.43333333,32.91666667,58.61666667,38.76666667,40.53333333,48.93333333,37.81666667,44.31666667,35.6,36.86666667,34.95,19.23333333,42.66666667,41.4,42.78333333,39.11666667,40.63333333,25.03333333,54.56666667,33.76666667,16.55,42.06666667,44.63333333,31.05,35.95,36,38.03333333,44.23333333,32.13333333,27.95,51.83333333,28.11666667,31.21666667,44.48333333,37.68333333,36.08333333,31.9,39.58333333,48.08333333,33.25,26.9,29.88333333,37.13333333,32.98333333,40.83333333,28.63333333,25.53333333,37.38333333,38.51666667,40.28333333,8.916666667,37.3,27.1,42.03333333,41.3,45.76666667,27.18333333,40.9,40.08333333,33.25,39.41666667,22.36666667
28.00,15.12,36.25,32.43,35.93,34.33,41.27,40.37,21.23,29.83,21.22,31.88,28.32,38.77,39.97,34.10,35.58,28.67,32.35,32.45,13.82,9.98,45.75,23.92,33.98,38.93,28.48,30.88,26.27,25.42,42.77,32.00,40.67,42.88,35.58,30.53,31.78,37.28,34.57,37.05,30.72,35.13,37.05,19.87,40.30,38.17,41.43,32.75,18.85,14.17,19.73,21.40,19.63,29.13,26.77,28.97,29.32,33.48,23.38,20.10,28.02,17.98,23.40,22.65,28.53,23.35,25.80,24.10,34.47,25.87,35.15,36.43,32.38,23.32,36.48,35.68,16.13,14.97,15.35,19.20,16.17,33.15,20.15,37.37,17.17,33.05,43.45,13.63,10.47,22.52,33.40,29.73333333,38.11666667,7.483333333,13.38333333,25.56666667,30.15,27.63333333,24.68333333,22.33333333,26.6,34.61666667,30.36666667,20.6,37.35,26.08333333,23.5,31.11666667,26.53333333,19.18333333,23.11666667,23.46666667,22.23333333,35.46666667,24.08333333,31.43333333,25.36666667,12.5,16.63333333,12.93333333,18.85,43.45,29.93333333,34.05,21.23333333,27.06666667,12.68333333,15.11666667,32.08333333,39.3,43.31666667,22.06666667,21.8,29.78333333,39.4,26.38333333,19.91666667,21.66666667,27.95,25.03333333,27.85,31.36666667,30.06666667,37.01666667,40.73333333,41.81666667,44.7,41.73333333,28.31666667,20.5,21.88333333,35.91666667,31.4,22.31666667,47.13333333,27.81666667,28.15,32.08333333,28.26666667,15.5,16.73333333,48.68333333,22.4,19.61666667,25.05,34.31666667,27.71666667,26.98333333,24.1,31.51666667,32.58333333,30.5,19.56666667,30.96666667,35.16666667,11.75,35.31666667,38.08333333,42.03333333,16.35,30.9,31.78333333,39.68333333,16.88333333,20.56666667,21.21666667,27.46666667,21.48333333,19.93333333,17.3,13.63333333,35.25,19.51666667,33.75,33.4,15.33333333,37.95,39.08333333,43.68333333,31.65,24.13333333,49.83333333,29.63333333,32.16666667,40.58333333,29.03333333,35.25,27.23333333,28.5,25.86666667,12.45,33.6,32.31666667,34.41666667,30.75,32.26666667,16.68333333,46.2,24.68333333,16.2,33.7,36.26666667,21.98333333,27.08333333,27.65,28.96666667,35.45,23.05,19.98333333,43.05,19.33333333,22.58333333,36.11666667,29.31666667,27.73333333,23.53333333,31.21666667,39.3,24.61666667,16.75,20.5,28.76666667,23.45,32.05,20,16.88333333,29.01666667,29.45,31.2,13.93333333,28.21666667,18.45,33.68333333,32.93333333,37.4,18.4,32.55,31.71666667,24.9,31.05,12.15
19.63,8.68,34.37,25.72,31.30,28.55,39.60,33.98,14.50,23.12,24.65,25.15,19.95,30.40,31.60,27.37,30.93,20.30,23.98,24.08,17.25,15.30,40.93,17.62,34.68,37.27,21.77,24.17,29.57,25.85,38.13,25.28,32.30,38.25,36.28,28.45,26.55,28.92,26.65,28.68,24.00,28.42,28.85,23.30,38.43,33.03,33.23,26.02,21.83,17.60,15.18,13.97,12.20,20.77,20.05,30.22,27.70,35.58,16.65,12.98,21.30,10.13,21.95,19.92,21.82,20.35,17.43,15.73,27.73,17.48,35.85,28.07,33.05,17.82,28.12,27.32,11.92,11.65,7.92,12.15,19.60,24.78,12.72,28.98,20.60,26.32,41.80,15.12,10.72,15.80,26.68,21.45,32.56666667,19,4.366666667,18.45,23.75,21.23333333,18.28333333,15.93333333,19.36666667,26.35,22.08333333,13.36666667,39.81666667,28.86666667,26.88333333,24.71666667,18.25,20.68333333,16.71666667,19.21666667,13.95,29.06666667,17.68333333,25.03333333,18.96666667,19.66666667,20.06666667,16.36666667,22.21666667,41.3,21.65,25.76666667,14.83333333,18.8,16.05,18.5,24.6,31.01666667,35.03333333,15.66666667,15.8,21.53333333,33,23.16666667,12.71666667,16.96666667,21.55,18.63333333,21.43333333,23.08333333,33.45,35.86666667,34.33333333,35.41666667,36.41666667,33.45,21.91666667,13,14.88333333,29.51666667,25,16.13333333,38.85,22.03333333,21.75,25.68333333,21.86666667,18.88333333,20.1,44.3,15.3,11.33333333,18.65,26.83333333,21.31666667,18.7,19.71666667,25.1,32.6,23.03333333,22.93333333,24.56666667,26.88333333,9.4,28.91666667,31.68333333,40.36666667,8.066666667,24.5,25.38333333,31.4,6.55,23.95,14.81666667,21.06666667,16.15,16.36666667,20.68333333,17,28.85,9.5,27.01666667,25.11666667,6.416666667,31.55,32.68333333,37.28333333,32.6,27.5,44.2,23.21666667,23.88333333,32.3,30.48333333,28.85,18.95,20.21666667,19.46666667,15.81666667,26.36666667,25.91666667,26.13333333,22.48333333,23.98333333,8.4,37.91666667,18.28333333,19.56666667,25.41666667,27.98333333,15.58333333,19.3,19.36666667,22.56666667,30.76666667,16.65,23.35,43.7,22.71666667,21.73333333,27.83333333,21.03333333,19.45,15.25,22.93333333,37.63333333,18.43333333,10.16666667,13.91666667,20.48333333,16.35,34.4,16.95,14.65,20.73333333,23.03333333,24.8,19.05,21.81666667,13.58333333,25.4,24.65,29.11666667,21.78333333,24.26666667,23.43333333,16.61666667,22.76666667,12.98333333
17.22,14.50,36.65,25.53,33.55,33.78,41.85,36.27,19.73,27.90,32.43,25.32,17.07,29.45,30.63,32.68,33.18,18.17,21.85,23.13,25.03,23.08,43.18,22.68,39.92,39.52,20.73,29.40,34.80,31.08,40.38,30.60,31.33,40.50,41.52,33.67,31.78,27.97,25.68,27.72,26.92,30.97,27.90,29.20,40.68,35.28,32.27,31.25,26.87,25.38,19.42,19.43,17.27,18.62,20.78,35.45,32.93,38.02,21.88,15.33,20.53,15.93,27.18,25.15,24.73,25.58,15.28,10.88,31.27,15.35,41.08,27.12,38.27,23.05,27.17,26.35,17.72,16.87,13.73,14.50,27.38,22.18,18.52,28.03,28.38,31.55,44.05,22.90,18.50,21.42,24.65,19.3,34.75,22.63333333,12.06666667,13.13333333,28.88333333,26.36666667,23.43333333,21.08333333,12.91666667,25.76666667,21.08333333,15.7,44.15,34,34.56666667,29.21666667,17.25,26.38333333,21.86666667,17.15,11.8,24.41666667,22.81666667,28.48333333,22.85,24.8,25.21666667,21.51666667,28.08333333,43.5,20.65,24.76666667,19.96666667,16.4,23.75,26.2,19.96666667,30.01666667,34.03333333,20.81666667,20.93333333,17.66666667,34.95,28.31666667,16.83333333,17.8,26.7,23.78333333,17.65,22.08333333,39.26666667,41.01666667,36.53333333,38.01666667,35.41666667,32.45,27.06666667,12.91666667,9.55,26.11666667,24.81666667,15.68333333,37.85,27.16666667,22.23333333,25.88333333,27.01666667,26.58333333,27.8,46.5,5.416666667,9.183333333,23.78333333,22.2,26.45,16.55,15.01666667,24.68333333,37.73333333,18.4,30.63333333,22.08333333,25.88333333,15.08333333,34.05,36.83333333,42.56666667,10.4,29.63333333,30.53333333,30.4,17.26666667,31.63333333,19.95,26.2,19.73333333,18.81666667,28.36666667,24.7,31.05,10.21666667,26,24.11666667,17.2,31.1,33.13333333,37.75,37.73333333,35.2,46.4,28.36666667,22.88333333,31.28333333,35.61666667,31.03333333,17.95,19.21666667,24.61666667,23.51666667,25.36666667,31.06666667,25.13333333,21.46666667,22.98333333,10.71666667,36.91666667,23.43333333,27.26666667,24.41666667,26.98333333,20.71666667,17.08333333,17.2,26.75,32.96666667,21.8,31.05,48.83333333,29.41666667,26.86666667,26.83333333,18.88333333,18.43333333,13.1,21.18333333,39.83333333,14.58333333,13.3,17.06666667,18.33333333,13.81666667,38.53333333,22.63333333,20.35,17.06666667,28.18333333,29.95,26.75,26.96666667,19.26666667,24.38333333,23.65,28.11666667,29.46666667,23.25,22.43333333,14.45,20.61666667,18.11666667
19.72,18.77,29.67,20.38,26.55,32.87,34.87,29.28,24.00,21.55,36.70,19.78,17.63,20.75,20.77,25.70,26.20,14.10,16.90,16.13,29.30,27.35,36.20,25.72,41.22,32.53,22.88,25.08,35.70,33.35,33.38,23.60,23.07,33.50,42.82,36.07,34.17,20.97,18.47,20.73,19.92,23.97,20.68,33.47,33.70,28.07,25.05,30.25,31.15,29.65,23.28,23.70,21.53,15.05,21.78,38.40,35.42,30.80,26.15,19.62,22.68,20.20,31.45,29.42,22.78,29.85,15.12,13.43,24.28,15.18,38.90,19.90,36.27,26.87,19.95,19.13,22.00,21.15,18.00,18.77,31.65,18.53,22.78,19.75,32.65,28.23,37.05,27.18,22.77,24.45,21.17,15.83333333,27.15,26.98333333,16.41666667,18.23333333,28.8,25.46666667,25.63333333,24.21666667,18.01666667,17.73333333,13.48333333,20.05,36.55,38.35,38.91666667,21.61666667,8.516666667,30.71666667,25.38333333,19.83333333,11.63333333,20.61666667,26.35,20.88333333,23.43333333,29.15,29.55,25.86666667,32.43333333,35.9,10.48333333,14.6,24.31666667,16.46666667,28.1,30.53333333,18.18333333,22.41666667,23.85,25.16666667,25.28333333,17.61666667,27.35,32.85,21.16666667,21.21666667,26.28333333,23.8,18.7,13.88333333,39.3,33.13333333,28.93333333,30.41666667,26.33333333,24.85,26.48333333,19.41666667,16.05,22.31666667,20.68333333,20.86666667,29.66666667,30.43333333,19.41666667,21.75,24.8,30.91666667,32.15,38.88333333,13.15,10.7,28.13333333,18.4,22.75,8.116666667,18.1,20.53333333,34.03333333,17.53333333,34.98333333,18.43333333,15.73333333,19.43333333,32.53333333,31.31666667,34.96666667,14.75,28.61666667,25.53333333,22.8,21.61666667,35.98333333,24.3,27.5,22.81666667,21.88333333,32.71666667,29.05,23.45,16.71666667,18.41666667,16.51666667,21.55,23.5,25.53333333,27.65,38.01666667,37.78333333,38.8,28.81666667,15.28333333,21.11666667,31.66666667,23.43333333,9.75,11.01666667,28.03333333,27.86666667,17.76666667,23.86666667,17.53333333,13.86666667,15.38333333,15.06666667,26.75,27.76666667,31.61666667,16.23333333,18.78333333,25.06666667,15.4,17.05,26.7,25.36666667,26.15,35.4,40.95,33.76666667,31.21666667,18.1,15.08333333,4.65,8.516666667,9.25,32.23333333,19.68333333,17.65,21.4,16.58333333,18.91666667,30.93333333,26.98333333,24.68333333,12.83333333,23.36666667,23.11666667,31.1,25.7,23.61666667,16.2,15.45,17.95,33.81666667,15.65,14.83333333,14.28333333,7.516666667,22.46666667
30.45,29.50,38.57,29.28,29.37,41.77,39.72,38.18,34.73,30.45,45.28,28.70,26.87,16.42,18.70,34.60,28.58,23.00,25.80,25.03,40.03,38.08,41.75,35.48,46.07,37.38,30.53,33.98,40.55,38.20,36.20,32.52,13.02,35.88,47.67,44.97,43.07,29.87,27.60,29.63,28.83,27.63,29.80,44.55,36.78,34.80,28.30,39.15,41.87,40.38,34.42,34.43,32.27,23.95,30.92,44.38,44.55,35.87,36.88,30.33,30.67,30.93,42.18,40.15,31.92,39.78,28.60,26.90,32.05,25.52,43.98,26.37,41.12,37.18,22.10,25.78,32.72,31.18,28.73,29.50,42.38,27.67,33.52,12.95,43.38,37.37,41.90,37.90,33.50,33.70,30.07,25.21666667,36.53333333,36.7,26.13333333,29.35,38.18333333,34.83333333,35,33.6,29.13333333,27.11666667,22.85,29.76666667,42.1,48.06666667,48.1,30.98333333,16.3,40.43333333,34.76666667,32.3,24.1,29.98333333,35.71666667,29.26666667,32.81666667,38.86666667,39.26666667,35.58333333,42.15,38.98333333,17.88333333,19.81666667,34.03333333,27.31666667,37.81666667,40.25,27.55,25.45,21.16666667,34.88333333,35,27,36.73333333,42.21666667,30.88333333,33.68333333,35.66666667,33.18333333,28.06666667,11.08333333,44.85,38.66666667,34.58333333,39.78333333,23.43333333,22.41666667,35.86666667,29.11666667,25.76666667,31.68333333,30.05,31.88333333,19.85,39.8,28.8,31.11666667,34.16666667,40.63333333,41.86666667,43.43333333,22.86666667,21.48333333,37.85,27.76666667,32.13333333,25.13333333,28.65,29.91666667,43.45,26.9,44.7,27.81666667,14.88333333,29.15,41.91666667,40.7,40.51666667,24.46666667,37.98333333,34.9,19.88333333,31.33333333,44.95,34.01666667,36.86666667,32.01666667,31.68333333,42.43333333,38.76666667,32.81666667,26.43333333,27.78333333,25.9,31.26666667,31.46666667,25.68333333,24.75,43.55,43.31666667,40.06666667,38.18333333,22.6,23.76666667,37.21666667,28.98333333,12.15,16.65,37.41666667,37.58333333,27.15,33.23333333,18.01666667,23.25,24.76666667,24.78333333,20.6,37.5,41.33333333,4.916666667,8.483333333,34.8,24.78333333,26.86666667,36.06666667,29.5,35.86666667,45.11666667,46.5,43.48333333,40.93333333,11.03333333,24.46666667,18.58333333,24.61666667,20.78333333,36.51666667,30.78333333,27.36666667,31.11666667,25.95,30.01666667,36.46666667,36.7,34.4,16.56666667,32.75,32.5,40.81666667,35.06666667,33.33333333,11.71666667,12.51666667,20.6,43.53333333,25.03333333,24.21666667,26.75,20.76666667,32.18333333
