51.27,45.75,48.08,50.03,42.68,41.25,38.75,37.63,33.07,35.27,34.88,40.40,41.12,35.45,30.48,23.02,27.08,33.63,42.17,29.05,22.00,16.30,21.83,34.75
37.77,27.80,31.63,36.52,24.73,23.30,23.97,22.92,15.12,20.13,26.05,34.27,27.78,19.88,10.68,19.20,27.18,33.43,28.82,15.70,5.27,17.08,24.25,37.30
22.15,18.05,13.08,20.33,20.10,16.50,12.05,21.77,22.72,20.25,20.15,27.73,38.37,33.58,23.43,24.10,22.27,30.45,42.12,34.55,26.10,31.58,27.38,35.87
28.38,29.53,24.05,27.15,27.65,17.52,11.87,30.98,20.30,12.43,6.63,15.67,41.05,32.02,21.65,12.62,11.77,19.93,44.63,31.52,24.32,21.07,16.87,27.73
14.77,16.83,12.50,12.05,18.88,20.30,14.70,20.53,22.97,20.52,19.83,21.78,37.13,32.37,23.68,24.93,20.50,23.70,40.88,33.65,26.35,29.82,25.60,27.52
30.45,15.63,20.67,26.43,12.60,9.57,20.70,21.00,18.87,17.62,23.53,32.57,37.60,29.95,19.58,24.63,27.57,35.73,41.35,30.72,22.25,34.05,32.67,41.20
18.53,21.48,17.15,17.77,23.55,24.95,20.38,25.20,31.57,29.12,28.45,33.58,41.80,37.03,32.28,33.53,29.12,35.50,45.55,38.32,34.95,38.43,34.22,39.32
23.80,22.12,17.15,21.85,24.18,16.35,11.45,25.83,22.57,20.12,19.57,27.13,42.43,33.65,23.28,23.95,21.67,29.83,46.18,34.42,25.95,30.98,26.78,35.33
31.37,20.58,25.23,30.13,17.20,16.07,17.57,19.38,7.57,12.33,18.25,27.27,29.43,20.40,10.03,18.43,22.17,30.03,34.28,21.17,12.70,24.50,27.53,36.07
27.15,28.18,22.75,25.92,26.25,16.23,10.57,28.45,17.77,9.92,9.07,18.10,38.75,29.72,19.35,13.02,13.85,21.97,43.58,30.47,22.02,23.17,18.95,29.83
32.57,16.88,22.77,28.53,12.27,21.83,30.07,6.95,13.33,25.35,32.87,40.33,23.55,18.78,20.55,30.25,35.30,43.15,27.30,20.07,22.95,34.73,38.32,46.08
28.88,27.47,24.68,27.65,25.55,16.78,14.50,27.75,17.07,9.20,7.13,16.17,38.05,29.00,18.63,11.62,12.27,20.43,42.88,29.77,21.30,21.57,17.37,28.23
34.53,33.45,31.35,34.15,32.27,27.33,22.02,30.47,23.38,18.57,18.15,23.73,35.58,28.17,18.32,6.32,10.70,16.95,36.63,23.52,16.47,13.75,14.15,26.08
35.55,35.82,31.48,31.67,37.88,33.77,25.08,39.53,34.42,28.85,19.82,14.67,46.17,40.48,32.53,20.53,16.08,7.82,47.20,34.08,27.03,23.63,16.33,12.52
36.07,36.33,32.00,32.18,38.38,34.27,25.58,40.03,35.03,32.58,23.62,17.53,50.92,44.93,35.75,25.28,20.83,12.57,51.95,38.83,31.78,28.40,21.08,13.13
28.20,28.28,19.82,27.10,27.37,13.47,10.03,32.22,21.12,17.85,17.85,25.42,41.33,32.28,21.83,22.20,19.95,28.13,46.08,32.97,24.50,29.27,25.07,33.53
16.03,16.62,12.28,10.30,18.68,20.08,14.07,20.33,23.37,20.92,20.23,25.10,36.93,32.17,24.08,25.33,20.92,27.03,40.68,33.45,26.75,30.22,26.02,30.78
32.73,33.88,29.55,31.50,33.93,26.45,20.22,34.05,26.88,20.92,15.48,21.08,38.83,31.75,21.82,9.82,8.05,14.30,39.87,26.75,19.70,16.98,11.50,23.43
33.88,35.02,30.68,32.63,35.08,27.60,21.35,33.47,26.30,20.42,16.63,23.28,39.97,31.17,21.23,9.23,8.50,18.23,41.00,27.88,20.83,18.12,15.12,27.07
32.37,33.52,29.18,31.13,33.57,26.08,19.85,34.55,26.87,19.15,15.12,21.78,40.67,32.23,22.32,10.32,6.23,15.98,41.70,28.58,21.53,18.13,12.87,24.80
49.30,33.62,39.52,45.28,31.45,35.18,35.85,18.65,25.05,32.03,37.60,44.27,21.05,16.47,22.35,30.82,31.10,37.82,12.55,10.93,14.27,26.05,29.63,38.95
46.70,31.02,36.92,42.67,28.85,36.08,36.75,16.05,22.43,32.93,38.85,46.53,18.10,13.87,19.73,31.98,33.37,40.08,19.13,11.35,16.53,28.32,31.90,41.22
0.10,25.58,21.25,15.70,27.65,28.80,21.62,29.30,29.88,27.43,26.75,32.88,45.90,41.13,30.60,31.85,27.43,35.60,49.65,41.73,33.27,36.73,32.53,39.33
38.18,28.23,32.05,36.95,24.28,23.72,24.40,19.82,14.65,15.70,21.62,30.63,26.55,17.52,7.60,13.20,21.18,27.43,32.42,22.22,13.77,20.77,24.63,36.58
26.25,11.60,11.42,28.07,17.50,19.48,29.00,19.15,25.12,28.85,34.73,39.87,35.75,30.98,29.07,36.42,35.40,41.78,39.50,32.27,31.73,43.53,40.50,45.53
15.68,19.48,15.15,15.23,21.55,22.97,18.38,23.20,29.58,27.12,26.45,31.58,39.80,35.03,30.30,31.53,27.12,33.50,43.55,36.32,32.97,36.43,32.22,37.25
34.63,27.28,29.48,33.40,26.10,20.58,20.65,27.55,17.53,13.45,15.42,21.83,35.92,26.88,16.95,7.33,13.77,21.63,40.37,29.32,21.12,18.53,18.88,30.82
28.68,24.10,20.70,27.45,21.57,14.08,13.43,26.77,15.67,12.40,18.30,25.20,35.88,26.83,16.38,21.55,19.75,27.92,40.63,27.52,19.05,29.07,24.85,33.32
26.10,7.30,16.30,22.07,9.45,15.37,23.60,12.07,18.75,23.70,28.73,33.87,28.67,23.90,23.33,30.68,29.40,35.78,32.42,25.18,26.00,37.80,34.50,39.53
22.67,8.55,12.88,18.65,10.62,11.57,20.17,12.27,18.95,21.30,25.30,30.43,28.87,24.08,23.23,28.28,25.97,32.37,32.62,25.38,25.90,35.28,31.08,36.12
12.75,24.58,20.25,14.22,26.65,28.05,22.47,28.30,30.73,28.27,27.60,30.07,44.90,40.13,31.45,32.68,28.27,32.00,48.65,41.42,34.12,37.58,33.37,35.75
22.83,23.98,18.85,21.73,23.80,12.50,4.65,28.18,17.08,14.63,12.48,20.05,37.30,28.25,17.80,18.83,14.58,22.75,42.05,28.93,20.47,23.90,19.70,28.17
43.38,43.65,39.32,39.50,45.70,41.60,32.90,45.25,40.68,36.92,30.95,24.85,48.75,43.07,38.12,29.40,24.98,20.73,49.78,36.67,29.62,26.22,23.53,12.08
10.80,23.62,19.28,11.02,25.67,27.08,21.60,27.32,30.37,27.90,27.23,29.17,43.93,39.15,31.08,32.32,27.90,31.08,47.68,40.43,33.75,37.22,33.00,34.85
23.02,13.12,14.90,29.17,18.75,22.47,30.70,20.40,26.35,30.68,35.83,40.97,37.00,32.23,30.32,37.67,36.50,42.88,40.75,33.52,32.98,44.78,41.60,46.63
29.13,12.02,19.35,25.12,9.00,15.67,24.95,17.60,17.30,21.63,27.55,35.27,34.20,29.43,21.27,28.62,29.82,37.98,37.95,30.72,23.93,35.73,34.92,42.58
31.63,14.50,21.83,27.60,7.73,17.53,23.83,19.83,16.20,20.52,26.43,34.15,36.43,30.95,20.15,27.50,28.70,36.87,40.18,31.28,22.82,34.62,33.80,42.27
30.77,31.92,27.58,29.53,31.97,24.48,18.25,35.63,25.27,19.00,11.37,16.10,45.38,36.43,25.98,20.63,16.67,15.55,49.53,36.42,28.65,25.97,21.77,27.55
24.52,25.67,21.33,23.28,26.03,18.23,10.13,29.38,19.33,11.72,5.65,14.67,39.45,30.42,20.05,17.40,13.78,20.15,44.28,31.17,22.72,23.08,18.88,29.82
26.37,27.52,23.17,25.12,27.57,20.08,13.85,31.22,20.85,14.58,5.85,16.50,41.05,31.93,21.57,17.02,13.05,20.33,45.82,32.70,24.23,22.37,18.15,29.03
25.03,26.18,22.37,23.80,25.97,15.85,10.20,30.35,19.25,12.67,10.17,17.72,39.38,30.35,19.97,15.77,12.27,20.43,44.22,31.10,22.63,21.58,17.37,28.25
28.70,29.85,25.52,27.47,28.68,21.20,12.53,33.08,21.98,19.53,15.62,13.12,42.10,33.07,22.70,24.10,19.68,19.72,46.93,33.82,25.37,29.00,24.78,24.40
30.85,32.00,27.67,29.62,31.95,23.18,16.47,34.15,23.47,15.60,5.70,12.88,44.45,35.42,25.05,21.30,17.33,18.30,49.28,36.17,27.72,26.63,22.43,29.27
37.08,21.40,27.28,33.05,13.33,25.73,28.07,6.03,9.35,20.95,28.67,37.70,22.65,17.87,17.10,26.27,31.32,39.17,26.40,19.15,19.77,31.57,35.15,44.47
11.53,19.07,14.73,5.47,21.13,22.53,18.02,22.78,26.28,23.83,23.15,29.28,39.38,34.60,27.00,28.25,23.83,32.00,43.13,35.90,29.67,33.13,28.93,35.05
19.77,19.68,15.33,16.90,21.73,21.53,13.60,23.38,22.70,20.25,19.57,25.70,39.98,33.78,23.42,24.67,20.25,28.42,43.73,34.55,26.08,29.55,25.35,35.17
32.23,33.38,29.03,30.98,33.33,24.57,17.83,35.52,24.85,16.98,10.92,8.28,45.82,36.78,26.42,22.67,19.43,14.88,50.67,37.55,29.08,28.75,24.55,25.52
29.50,21.50,16.98,26.63,20.52,8.32,14.07,25.20,15.70,12.42,19.70,26.02,35.82,26.78,16.42,21.57,20.55,28.72,40.67,27.55,19.08,29.87,25.65,34.12
41.38,31.43,35.25,40.15,25.37,26.92,27.58,21.38,16.25,23.77,29.68,37.90,28.17,14.23,12.53,21.77,29.75,36.00,30.33,21.37,13.07,24.87,28.45,37.77
47.68,32.00,37.88,43.65,29.83,36.95,38.40,17.03,23.42,34.58,40.50,48.02,10.85,13.15,20.23,32.50,34.85,41.57,19.58,15.13,18.02,29.82,33.40,42.70
41.73,31.77,35.60,40.50,28.17,27.27,27.93,23.62,18.53,19.02,24.93,33.47,31.42,22.07,11.47,16.52,23.65,29.90,33.58,24.23,13.78,18.17,22.55,36.52
42.23,32.28,36.10,41.00,29.22,27.77,28.43,25.40,19.58,20.80,26.72,35.37,33.20,23.85,13.27,18.30,25.55,31.80,34.88,21.77,11.33,17.93,24.83,37.35
40.63,30.68,34.50,39.40,27.62,26.17,26.85,25.78,17.98,20.37,26.28,34.93,32.23,23.45,12.83,17.87,25.12,31.37,33.28,20.17,9.73,15.68,24.40,35.10
34.18,32.98,31.00,32.95,31.80,26.87,21.67,30.00,22.92,18.10,17.80,23.38,36.58,27.70,17.85,5.85,10.35,16.60,37.62,24.50,17.45,14.73,13.80,25.73
38.38,29.92,34.78,37.13,28.73,23.80,25.25,26.00,18.92,16.80,20.02,26.45,32.73,23.70,13.85,7.63,15.60,21.87,37.25,27.33,19.88,16.53,19.07,31.00
31.33,12.55,21.55,27.32,2.83,20.80,25.67,17.17,15.10,22.35,28.27,35.98,33.77,28.30,22.27,29.37,30.53,38.70,37.52,30.27,24.93,36.72,35.63,44.10
35.00,16.65,25.22,30.97,4.68,19.85,24.72,15.02,12.53,21.38,27.30,35.02,31.62,25.72,20.28,27.87,29.57,37.73,35.37,28.12,22.95,34.75,34.67,43.13
17.18,16.08,11.22,15.37,18.13,19.02,15.00,19.80,25.08,22.63,21.95,27.10,36.40,31.62,25.80,27.05,22.63,29.02,40.15,32.90,28.47,31.93,27.73,32.77
34.43,23.82,28.30,33.20,16.38,19.15,20.65,18.57,6.17,15.33,21.25,30.27,32.12,22.52,12.72,20.85,25.50,33.67,36.95,23.83,15.38,27.18,30.60,39.07
44.50,33.87,39.35,43.27,31.90,29.23,31.37,27.37,22.28,22.77,26.13,32.57,32.65,24.93,15.22,15.82,22.73,28.98,33.68,20.57,10.13,13.40,21.93,32.82
34.70,23.85,28.23,33.47,22.65,16.97,20.90,24.12,14.10,10.95,16.85,24.48,34.58,26.08,15.02,9.47,16.40,23.70,39.35,26.13,17.68,18.63,20.90,32.83
36.62,26.65,30.48,35.37,23.58,22.15,22.82,19.98,13.97,19.00,24.92,33.13,26.72,17.63,7.75,18.05,23.20,29.90,27.93,14.82,6.35,18.15,21.73,31.05
41.78,25.97,32.00,37.75,14.30,26.70,27.07,12.13,6.87,20.48,26.40,35.43,28.73,16.77,14.62,23.77,28.82,36.68,32.48,25.25,17.28,29.08,32.67,41.98
36.98,24.67,30.40,35.75,12.70,22.52,23.18,14.88,2.73,16.60,22.52,31.55,30.98,17.98,10.73,19.90,24.95,32.80,34.73,21.87,13.40,25.20,28.78,38.10
32.07,25.02,25.60,30.82,23.25,14.32,18.27,25.28,13.63,6.58,14.22,22.98,35.50,26.47,16.10,12.65,14.92,22.77,40.33,27.22,18.77,23.18,21.33,32.22
34.60,18.92,26.25,32.02,10.82,19.65,20.80,11.40,7.33,15.48,21.40,30.43,28.00,21.50,13.65,21.00,25.65,33.82,31.75,24.52,16.32,28.12,30.75,39.15
39.48,34.95,36.70,38.23,33.10,29.58,26.35,29.48,23.47,20.68,21.12,27.55,34.98,28.08,17.33,9.82,16.43,22.68,36.02,22.90,15.85,13.13,14.77,28.87
40.40,36.70,37.22,39.17,33.65,32.55,27.88,28.58,24.02,23.65,24.08,29.60,32.08,26.40,20.30,12.20,14.80,21.50,33.12,20.00,12.95,10.23,12.82,25.97
28.65,29.80,25.47,27.42,30.18,22.38,14.27,33.52,23.47,19.23,16.55,24.12,43.58,34.55,24.18,23.08,18.67,26.83,48.42,35.30,26.85,27.98,23.77,33.88
33.28,34.93,30.10,32.05,33.73,27.00,20.77,31.93,24.85,20.03,16.88,22.48,35.82,29.63,19.80,7.78,9.45,15.70,36.85,23.73,16.68,13.97,12.90,24.83
25.83,13.02,7.90,24.92,19.13,15.97,25.50,20.78,26.75,25.33,31.58,36.72,37.38,32.62,29.33,34.48,32.25,38.65,41.13,33.90,32.00,41.57,37.35,42.33
32.13,33.28,28.95,30.90,33.33,25.85,19.62,37.72,26.62,19.17,13.78,16.27,45.95,37.22,27.37,15.80,12.75,12.27,46.98,33.87,26.83,23.43,18.15,24.20
24.47,15.58,14.23,20.45,17.63,12.30,21.40,19.30,23.48,21.25,27.12,32.25,35.90,31.12,24.20,29.25,27.78,34.17,39.65,32.40,26.87,37.08,32.88,37.85
36.02,26.05,29.88,34.78,22.10,21.55,22.22,17.57,12.48,17.87,23.78,32.80,24.30,15.27,5.42,14.55,22.53,28.78,29.35,20.05,11.58,22.45,25.98,36.28
33.28,34.43,30.10,32.05,34.48,27.00,20.77,38.13,27.77,21.13,11.30,9.18,46.90,38.85,28.48,18.22,14.02,8.32,47.93,34.82,27.77,24.37,19.10,20.25
30.47,31.62,27.28,29.23,31.67,24.18,17.95,35.32,24.95,18.32,8.48,10.95,45.07,36.03,25.67,17.12,13.92,10.33,48.12,35.00,27.95,24.55,19.13,22.27
38.50,28.53,32.37,37.27,25.48,24.03,24.70,21.87,15.85,20.88,26.80,35.02,28.05,18.68,9.65,19.93,25.25,31.95,30.22,16.87,8.40,20.17,23.78,33.10
41.02,31.05,34.88,39.78,28.00,26.55,27.22,24.97,18.37,23.40,29.32,37.53,27.27,17.92,14.47,22.47,24.75,31.47,29.43,16.25,7.92,19.42,23.30,32.60
37.45,27.48,31.32,36.22,24.43,22.98,23.65,22.60,14.80,19.83,25.75,33.97,27.48,19.57,10.38,18.90,25.40,32.12,28.52,15.40,4.97,16.77,23.95,33.25
40.90,30.93,34.77,39.67,27.88,26.43,27.10,26.12,18.25,23.25,29.17,37.82,29.65,20.30,14.25,20.75,25.58,32.30,30.65,17.53,7.10,14.02,22.93,33.43
37.65,21.97,27.87,33.62,19.80,26.92,32.10,7.00,11.77,25.65,31.57,40.58,18.23,13.47,15.25,27.50,33.98,41.43,21.98,14.75,17.63,29.42,33.00,42.32
31.98,34.00,28.78,30.73,32.82,24.87,19.45,34.28,24.23,15.87,15.58,22.73,40.65,31.62,21.77,10.20,11.32,18.80,41.90,28.78,21.73,19.02,17.75,28.62
40.90,30.93,34.77,39.67,27.88,26.43,27.10,24.27,18.25,23.28,29.20,37.42,30.58,21.23,12.05,22.33,29.07,35.78,32.75,20.68,10.80,21.18,27.60,36.92
44.78,45.05,40.72,40.90,47.58,40.10,33.87,43.77,39.20,35.42,30.00,26.25,47.25,41.58,36.62,27.92,23.50,22.13,48.28,35.17,28.13,24.73,22.05,13.48
53.97,39.42,45.32,51.07,37.25,39.50,40.17,24.45,30.40,36.35,42.27,49.60,15.58,20.32,25.12,35.42,36.43,43.15,10.75,16.72,19.60,31.40,34.98,44.28
27.60,18.40,13.92,23.57,18.93,5.22,13.17,22.10,16.28,13.00,20.28,26.60,36.40,27.37,17.00,22.15,21.13,29.30,41.25,28.13,19.67,30.45,26.25,34.63
14.17,23.08,18.75,17.32,25.15,26.55,21.98,26.80,33.17,30.72,30.03,35.18,43.40,38.62,33.88,35.13,30.72,37.10,47.15,39.92,36.55,40.02,35.82,40.78
54.10,39.62,45.50,51.27,37.45,39.63,40.30,24.65,31.03,36.48,42.05,48.72,28.13,22.45,28.33,35.27,35.55,42.27,11.87,16.25,18.70,30.50,34.08,43.40
45.48,31.82,37.72,43.47,29.65,31.02,31.68,16.85,22.83,27.87,33.43,40.10,20.33,14.67,20.53,26.65,26.93,33.65,21.37,15.88,10.10,21.88,25.47,34.78
36.23,25.27,30.10,35.00,21.33,20.83,22.43,22.15,11.70,11.60,17.52,26.53,28.87,20.38,10.00,10.75,18.73,24.98,34.73,23.42,14.95,20.93,22.18,34.12
26.93,28.08,23.75,25.70,26.87,18.10,13.82,29.07,18.38,10.53,8.45,15.00,39.37,30.33,19.97,9.90,12.27,18.85,44.20,31.08,22.63,21.10,18.68,28.92
34.38,34.28,31.18,33.13,33.10,26.95,21.87,31.30,24.22,17.97,17.98,24.65,37.88,29.00,19.15,7.15,10.87,17.90,38.92,25.80,18.75,16.03,15.10,27.05
20.75,20.65,16.32,18.82,22.72,20.15,12.22,24.37,23.50,21.05,20.38,26.50,40.97,34.60,24.22,25.47,21.05,29.22,44.72,35.35,26.88,30.35,26.15,36.07
46.55,35.48,40.42,45.32,32.12,32.08,32.75,20.50,22.98,28.93,34.85,43.07,22.25,12.90,17.70,28.00,30.05,36.75,24.42,6.17,13.20,24.72,28.58,37.90
60.27,47.03,52.93,58.70,44.88,45.80,46.48,32.07,37.62,42.65,48.22,54.88,32.85,29.88,35.60,41.43,41.72,48.43,20.62,25.00,24.88,36.68,40.27,49.57
39.95,33.28,37.18,38.72,31.42,28.63,26.83,27.23,21.78,21.17,21.60,28.02,35.03,25.68,15.08,11.28,18.20,24.45,37.20,24.52,17.12,13.73,16.88,30.85
35.37,24.15,29.23,34.13,22.97,17.95,21.57,24.43,14.42,11.93,17.85,26.87,34.73,25.68,15.32,15.35,20.35,28.22,39.57,26.45,17.98,26.02,26.77,37.65
34.32,25.23,27.85,33.08,24.05,16.62,20.52,25.52,15.50,7.95,13.87,22.90,35.80,26.77,16.40,14.80,19.00,27.17,40.65,27.53,19.07,25.48,24.10,34.97
30.80,21.10,24.67,29.55,19.92,15.15,17.00,21.37,11.37,10.85,16.77,25.80,31.67,22.63,12.27,18.12,21.90,29.95,36.52,23.40,14.93,26.98,27.00,33.95
33.63,22.82,27.50,32.38,17.77,18.50,19.83,19.95,8.13,9.15,15.07,24.08,29.77,20.97,10.60,13.85,17.82,25.68,34.85,21.73,13.27,22.72,24.25,36.20
42.63,37.15,39.87,41.40,35.28,32.50,29.50,31.45,25.65,23.83,24.27,30.70,36.10,29.78,19.53,13.95,20.87,27.12,37.13,24.02,16.10,13.23,19.55,32.65
31.87,32.40,28.68,30.63,31.00,23.12,19.35,32.68,22.48,14.12,14.72,21.78,41.20,31.93,22.32,10.75,13.12,20.98,45.87,32.75,25.70,21.97,19.55,31.52
30.10,31.25,26.92,28.87,31.30,23.82,17.58,34.97,24.58,17.73,13.72,20.37,40.70,35.02,25.80,13.80,6.68,14.30,41.73,28.62,21.57,18.17,13.77,24.82
42.97,32.33,37.38,41.72,29.93,27.70,29.83,25.17,20.30,20.80,24.60,31.03,31.90,22.85,13.25,14.28,21.20,27.45,34.15,21.03,10.58,13.87,20.40,33.28
26.78,16.65,5.50,22.75,18.70,13.80,23.32,20.37,26.45,23.17,29.42,34.55,36.97,32.18,27.17,32.32,30.08,36.47,40.72,33.47,29.83,39.40,35.18,38.75
36.70,21.02,26.90,32.67,10.03,24.47,28.92,11.13,9.92,21.78,29.52,38.53,27.73,23.10,17.67,26.82,31.87,39.73,31.48,24.23,20.33,32.13,35.72,45.03
36.50,20.82,26.72,32.47,9.63,23.12,27.53,10.93,8.40,20.42,27.93,36.97,27.53,21.58,16.15,25.30,30.35,38.22,31.28,24.05,18.82,30.62,34.20,43.52
28.38,29.53,24.65,27.15,27.75,18.13,11.80,30.08,19.42,11.55,10.22,19.25,40.92,31.88,21.75,16.03,15.35,23.52,46.00,32.88,24.42,24.67,20.45,30.02
39.23,40.38,36.05,38.00,40.45,32.97,26.72,38.87,33.73,28.27,22.85,29.52,42.35,36.68,31.72,20.77,16.35,23.07,43.38,30.27,23.22,17.98,8.37,17.92
41.83,31.62,35.70,40.60,19.67,27.37,28.03,17.05,10.53,23.28,29.72,38.35,26.53,13.47,11.58,20.50,28.47,34.72,31.60,24.93,17.75,29.68,31.92,42.43
38.87,27.65,32.73,37.62,23.53,23.02,25.07,24.98,13.90,13.80,19.72,28.75,31.80,22.68,13.18,12.92,20.90,27.15,36.85,26.62,18.15,23.55,24.35,36.30
39.62,29.77,36.40,38.38,27.92,25.13,26.48,23.97,18.28,18.18,21.25,27.68,30.77,21.73,12.17,10.93,17.87,24.12,35.67,25.08,17.55,14.20,17.35,31.33
36.30,35.23,33.10,35.05,34.05,29.10,23.77,29.63,24.80,20.35,19.90,25.48,33.12,27.43,18.67,8.10,12.45,18.72,34.15,21.03,13.98,11.27,13.20,27.00
32.25,30.45,28.18,31.00,29.05,21.17,19.12,30.73,20.53,12.17,13.88,20.32,39.12,30.08,20.60,9.03,11.38,19.25,44.13,31.02,23.97,20.23,17.82,29.78
37.25,26.03,31.12,36.02,22.10,21.97,23.47,24.28,12.47,12.37,18.28,27.30,34.53,25.50,14.93,17.77,21.93,29.78,39.18,26.07,17.60,26.63,28.52,40.32
22.35,23.50,19.17,21.12,23.63,15.83,5.35,27.22,16.92,14.47,14.60,20.45,37.23,28.18,17.63,18.65,16.70,24.87,41.88,28.77,20.30,26.02,21.80,26.32
36.28,27.30,32.38,35.03,26.10,21.70,23.15,25.32,16.47,14.70,17.92,24.35,32.02,23.00,13.52,5.53,13.50,19.77,36.92,27.00,19.55,16.20,16.97,28.90
43.93,33.97,37.80,42.68,29.48,29.47,30.13,21.95,20.37,26.32,32.23,40.45,23.68,14.33,15.07,25.37,29.47,36.17,25.87,15.98,12.62,24.13,28.00,37.32
42.52,30.18,36.08,41.28,23.90,28.05,28.72,15.22,14.77,24.90,30.82,39.03,23.45,7.42,10.55,22.82,30.48,36.73,27.25,19.20,14.85,26.65,30.23,39.55
44.27,34.30,38.13,43.03,23.87,29.80,30.47,19.58,14.75,26.65,32.57,40.78,22.15,9.10,13.03,24.02,29.00,35.72,24.32,15.52,12.17,23.67,27.53,36.85
42.85,27.15,33.05,38.82,17.85,28.38,29.05,12.18,8.72,22.60,28.52,37.53,24.27,11.20,11.88,21.70,29.68,35.93,29.33,22.67,16.18,27.98,31.57,40.88
9.30,23.80,19.47,12.85,25.87,27.28,22.70,27.52,33.82,31.37,30.68,32.90,44.12,39.35,34.53,35.77,31.35,34.82,47.87,40.63,37.20,40.67,36.45,38.50
31.77,32.92,28.58,30.53,32.97,25.48,19.25,34.52,26.25,20.80,15.37,20.98,38.00,32.33,24.35,12.35,7.93,14.20,39.05,25.93,18.88,15.48,8.18,19.05
35.35,36.50,32.17,34.12,36.55,29.07,22.83,39.48,29.83,24.38,18.95,19.13,43.78,37.18,27.72,15.72,11.52,12.35,44.82,31.70,24.65,21.25,13.95,18.95
40.67,30.70,34.53,39.42,22.82,26.20,26.87,21.18,13.68,20.87,26.78,35.80,28.55,14.70,9.53,17.55,25.53,31.78,33.60,24.17,15.70,26.73,28.98,40.38
38.23,34.92,35.03,36.98,33.15,28.80,25.15,29.17,23.52,19.50,19.92,26.35,33.80,26.85,17.40,7.78,14.38,20.65,34.83,21.72,14.67,11.95,14.53,27.68
45.12,30.90,36.80,42.57,26.00,30.65,31.32,15.93,16.87,27.50,33.42,41.63,18.20,4.25,13.15,25.42,33.08,39.33,21.98,14.75,17.45,29.25,32.83,42.13
47.13,32.12,38.00,43.77,27.20,32.67,33.33,17.15,18.08,29.52,35.43,43.65,21.38,3.18,15.17,26.92,34.90,41.15,25.17,17.93,19.47,31.27,34.85,44.17
33.18,29.77,30.42,31.95,28.58,23.08,20.05,30.03,20.03,14.40,14.82,21.25,35.98,26.95,17.38,5.82,12.83,20.17,40.92,27.80,20.75,17.02,17.37,29.30
31.08,32.23,27.90,29.85,32.28,24.80,18.57,36.65,25.58,18.10,9.12,9.73,45.57,36.53,26.30,20.95,16.98,15.30,49.85,36.73,28.97,26.30,22.08,22.62
41.37,42.52,38.18,40.13,42.57,35.08,28.85,40.82,35.85,30.40,24.98,27.63,44.32,38.63,33.68,22.90,18.48,22.67,45.35,32.23,25.18,19.50,14.65,16.43
37.77,27.80,31.63,36.53,23.87,23.30,23.97,21.13,14.23,17.38,23.30,32.32,27.87,18.83,9.27,14.07,22.05,28.30,32.92,23.90,15.43,23.25,25.50,37.43
38.37,28.42,32.25,37.13,24.47,23.92,24.58,20.93,14.83,16.88,22.78,31.82,27.67,18.63,9.07,13.57,21.55,27.80,32.73,23.70,15.23,22.75,25.00,36.93
32.72,29.77,29.93,31.47,28.58,22.92,19.58,27.98,19.80,13.92,14.35,20.77,34.72,25.68,16.12,4.55,12.65,18.90,39.65,26.53,19.48,15.75,16.10,28.03
21.73,21.63,17.30,18.73,23.70,16.77,6.42,25.35,22.98,20.53,19.30,26.42,41.95,33.93,23.70,24.37,20.97,29.13,45.70,34.83,26.37,30.27,26.07,33.52
34.08,16.97,24.30,30.05,8.42,17.70,22.48,11.95,10.27,18.80,24.72,32.80,28.55,23.72,16.97,24.30,27.35,35.52,32.30,25.07,19.63,31.42,32.45,39.43
40.20,30.23,34.07,38.97,27.18,25.73,26.40,25.35,17.55,22.05,27.97,36.62,31.80,23.02,13.13,19.55,26.78,33.03,32.85,19.73,9.28,15.80,24.72,35.22
41.60,31.63,35.47,40.37,28.03,27.13,27.80,23.20,18.40,18.88,24.62,31.05,29.93,20.90,11.33,14.30,21.23,27.48,33.45,22.65,12.22,15.48,20.42,34.40
32.00,22.58,25.47,30.77,20.05,14.38,18.20,23.15,12.68,13.23,19.15,28.18,32.87,23.82,13.58,20.25,23.07,31.23,37.92,24.72,16.25,28.05,28.17,35.15
29.45,22.08,22.98,28.20,20.90,12.12,15.65,22.35,11.70,7.80,13.72,22.73,31.68,22.65,12.42,15.08,18.83,27.00,36.75,23.55,15.08,25.75,23.95,32.60
35.67,27.90,32.75,34.42,26.70,21.77,22.53,26.83,17.93,14.78,17.30,23.73,33.57,24.53,14.97,4.92,12.88,19.13,38.38,27.05,20.00,17.38,16.33,28.28
40.70,41.83,37.50,39.45,41.90,34.42,28.17,37.48,32.92,29.72,24.30,25.55,40.98,35.30,30.35,22.22,17.80,20.58,42.02,28.90,21.85,18.45,15.43,11.93
31.43,9.62,21.65,27.42,14.32,20.70,28.93,13.70,19.18,30.02,34.07,39.20,30.30,25.53,26.93,36.10,34.73,41.13,34.05,26.82,29.60,41.40,39.85,43.40
21.67,20.77,9.87,26.17,22.83,17.92,27.45,24.48,30.57,27.28,33.53,38.67,41.08,36.30,31.28,36.43,34.20,40.60,44.83,37.60,33.95,43.52,39.32,42.87
22.08,23.60,19.27,18.82,25.67,26.00,18.07,27.32,27.38,24.93,24.25,23.23,43.92,38.13,28.10,29.33,24.92,27.92,47.67,39.22,30.77,34.23,30.02,30.18
22.47,23.62,19.28,19.67,25.67,19.17,6.80,27.32,25.38,22.93,21.23,28.80,43.93,36.13,26.10,26.77,23.33,31.50,47.68,37.22,28.77,32.65,28.45,35.05
35.93,36.20,31.85,32.03,37.33,29.85,23.62,39.90,30.62,24.35,14.15,6.42,50.42,41.38,31.33,26.00,22.02,15.10,54.90,41.78,34.00,31.33,26.47,20.72
34.55,34.82,30.48,30.67,35.97,28.47,22.23,38.53,29.25,22.98,12.78,5.13,49.03,40.00,29.97,24.62,20.65,13.73,53.52,40.40,32.63,29.97,25.08,19.33
31.50,21.95,22.43,30.27,19.42,9.82,17.70,24.75,14.37,14.18,20.10,28.02,34.17,25.12,15.08,21.20,22.57,30.73,39.22,26.22,17.75,29.55,27.67,34.65
43.30,32.67,37.45,42.07,30.70,28.03,29.78,25.98,21.08,21.57,24.93,31.37,31.80,22.98,14.02,14.62,21.53,27.78,32.85,19.73,9.28,12.42,20.48,31.83
41.77,34.25,38.08,40.53,31.18,29.75,28.63,28.95,21.57,22.97,23.40,29.83,32.43,23.62,17.35,13.08,18.42,25.13,33.47,20.35,9.92,10.20,16.67,29.62
31.55,31.92,28.52,30.30,29.38,21.48,18.42,32.65,21.28,12.92,12.05,19.60,42.82,33.78,23.75,14.33,16.68,23.45,47.88,34.87,26.42,25.53,22.27,32.05
29.25,25.53,22.13,28.02,23.02,15.12,15.45,27.48,16.82,7.02,9.60,18.63,36.57,27.53,17.50,15.28,14.73,22.90,41.62,28.62,20.17,24.05,19.83,30.70
42.42,32.22,37.68,41.18,30.25,27.57,29.28,25.52,20.62,21.10,24.05,30.48,32.25,23.22,13.55,13.73,20.65,26.90,35.67,24.53,15.70,15.65,19.33,33.32
53.27,53.52,49.18,49.37,55.58,51.47,42.78,55.13,50.57,46.78,40.82,34.72,58.62,52.95,47.98,39.28,34.87,30.62,59.65,46.53,39.50,36.10,33.42,21.97
30.72,13.60,20.93,26.70,10.85,14.33,19.12,15.78,10.27,15.80,21.72,29.43,32.38,24.27,14.22,21.57,23.98,32.15,36.13,25.35,16.88,28.68,29.08,36.07
33.70,23.33,27.23,32.47,22.15,15.97,19.92,23.60,13.60,8.85,15.07,22.18,33.58,24.55,14.50,10.48,14.10,21.97,38.63,25.63,17.17,19.92,20.53,32.50
33.35,29.63,26.25,32.12,27.12,19.22,19.55,30.95,19.15,4.18,13.70,22.73,40.68,31.65,21.62,13.97,16.05,23.92,45.75,32.73,24.28,25.18,22.48,34.43
28.77,24.53,22.18,27.53,22.02,15.15,14.97,26.87,15.77,7.93,15.45,24.48,35.65,26.53,16.48,17.08,19.15,27.02,40.72,27.62,19.15,28.28,24.93,33.47
41.10,25.42,31.32,37.08,23.25,30.37,34.17,10.45,15.53,29.42,35.33,44.37,18.98,13.37,15.98,28.25,35.92,42.17,22.73,15.50,18.38,30.17,33.75,43.07
46.67,30.98,36.88,42.63,27.70,33.38,34.05,16.02,18.57,29.87,35.78,44.37,22.77,10.88,15.88,26.57,34.55,40.80,27.00,19.77,20.18,31.98,35.57,44.88
7.63,29.17,24.83,18.17,31.23,32.12,24.93,32.88,33.20,30.75,30.07,36.57,49.48,43.97,33.92,35.17,30.73,38.92,53.23,45.05,36.58,40.05,35.85,42.32
43.00,35.58,40.23,41.77,32.52,31.08,29.87,27.47,22.90,24.20,24.63,31.07,30.95,25.28,20.87,14.32,19.65,26.37,31.98,18.87,11.82,3.58,17.02,27.52
38.87,33.48,35.78,37.63,30.42,28.98,26.35,25.37,20.80,23.03,22.47,28.17,28.85,23.18,18.22,10.77,14.83,21.38,29.90,16.78,9.73,7.02,9.60,22.73
35.40,25.43,29.27,34.17,20.52,20.93,21.60,20.33,10.88,17.72,23.63,31.92,29.50,17.40,10.33,19.83,26.05,33.92,34.55,21.45,13.00,24.78,28.37,37.68
29.93,31.08,26.75,28.70,31.07,22.47,16.82,34.33,22.53,14.17,11.58,18.00,43.27,34.23,24.52,12.95,15.32,21.85,48.07,34.95,27.67,24.17,21.80,31.98
27.20,22.17,17.95,25.97,19.63,10.92,13.40,24.50,13.40,10.12,17.42,23.72,33.28,24.25,14.12,19.27,18.25,26.43,38.33,25.25,16.78,27.57,23.37,31.90
39.13,40.28,35.95,37.90,39.42,32.85,26.62,34.37,29.80,28.17,22.75,27.50,37.85,32.18,27.53,17.88,16.22,21.37,38.90,25.77,18.73,13.03,6.58,23.68
35.75,29.58,32.98,34.52,27.73,24.22,22.62,23.98,18.10,16.95,17.38,23.82,30.72,21.68,11.97,7.07,13.98,20.25,35.55,22.43,15.38,11.65,16.55,29.38
33.27,27.83,26.15,32.02,24.90,17.92,19.47,27.08,15.27,6.95,13.62,22.50,36.90,27.87,17.73,12.35,14.43,22.30,41.95,28.87,20.40,23.08,20.87,31.73
25.53,16.48,11.85,21.50,18.53,7.68,17.22,20.18,20.33,17.05,24.33,30.65,36.78,31.18,21.05,26.20,25.18,33.35,40.53,32.18,23.72,34.50,30.30,38.83
30.93,30.43,28.17,29.70,29.03,21.13,17.80,30.70,20.50,12.15,12.57,19.00,36.78,27.75,18.03,6.47,11.05,18.45,41.58,28.47,21.42,17.68,17.48,28.35
55.98,40.30,46.18,51.95,38.13,41.50,42.17,25.33,31.72,38.35,44.27,50.93,18.63,22.32,27.12,37.40,37.77,44.48,2.80,17.60,20.93,32.73,36.32,45.62
30.40,29.85,27.58,29.17,28.45,20.57,17.27,30.13,19.93,11.57,12.03,18.47,38.63,29.55,19.88,8.32,10.40,18.25,43.43,30.32,23.27,19.53,16.82,27.70
39.12,40.27,35.93,36.23,40.32,32.83,26.60,41.70,33.62,28.15,19.88,15.13,45.20,39.52,32.40,20.40,15.98,8.35,46.23,33.12,26.07,22.67,15.37,14.72
41.73,31.77,35.60,40.48,28.70,27.27,27.93,24.80,19.08,24.10,30.02,38.23,28.28,21.00,16.67,23.17,26.52,33.23,29.33,12.93,5.77,18.60,23.25,32.57
28.50,16.48,15.07,24.47,17.02,3.48,17.68,20.18,19.95,17.53,24.82,31.12,36.78,30.78,20.67,25.70,25.67,33.83,40.53,31.78,23.32,34.98,30.77,39.30
26.12,20.85,12.45,22.10,22.90,9.95,19.48,24.57,22.60,19.32,25.13,32.92,41.17,33.37,23.32,28.47,27.45,35.63,44.92,34.45,25.98,36.77,32.57,39.63
8.72,21.00,16.67,13.22,23.07,24.47,19.90,24.72,31.08,28.63,27.97,33.10,41.32,36.55,31.80,33.05,28.63,35.02,45.07,37.83,34.47,37.93,33.73,38.83
42.43,32.48,36.32,41.20,29.42,27.98,28.65,24.37,19.80,24.82,30.28,36.72,27.85,22.17,17.22,19.97,22.90,29.62,28.88,15.77,8.92,12.62,19.53,28.85
34.42,19.60,23.83,30.40,14.12,11.22,21.63,22.62,15.75,14.50,20.42,29.45,35.63,26.60,16.47,21.52,25.55,33.72,40.68,27.60,19.13,30.93,30.65,40.22
29.15,25.33,17.03,26.70,22.80,11.12,10.98,28.00,16.92,13.65,17.48,25.47,36.80,27.75,17.63,21.43,20.02,28.18,41.85,28.75,20.30,29.33,25.12,33.25
32.92,33.17,28.83,29.02,35.23,31.12,22.43,36.88,31.88,26.87,16.67,10.58,50.08,41.78,32.60,21.40,17.20,8.68,51.12,38.00,30.95,27.55,20.67,19.08
45.48,35.53,39.35,44.25,32.47,31.02,31.68,25.28,22.83,27.87,32.03,38.68,28.77,23.08,18.42,23.33,25.52,32.23,29.80,17.37,9.93,18.57,22.15,31.47
33.63,17.95,23.85,29.62,13.97,22.90,31.13,8.07,12.73,24.75,32.28,41.30,24.67,19.90,20.48,29.65,34.70,42.57,28.42,21.18,23.15,34.95,38.53,47.15
32.08,22.12,25.95,30.85,17.20,17.62,18.28,19.38,7.57,14.38,20.30,28.60,27.95,18.92,8.78,14.65,22.63,28.88,33.02,19.92,11.45,23.25,26.08,36.15
31.87,14.75,22.08,27.83,12.22,14.45,18.27,17.62,12.08,14.93,20.85,28.57,34.22,26.17,16.05,21.95,23.12,31.28,37.97,27.17,18.72,30.50,28.22,36.75
37.58,27.38,31.45,36.35,23.43,23.12,23.80,19.78,13.80,13.70,19.62,28.65,26.52,17.48,7.77,11.15,19.13,25.38,32.15,22.40,13.93,16.85,20.97,34.52
38.32,28.37,32.18,37.08,25.05,23.85,24.53,20.38,15.42,15.92,21.82,29.75,27.12,18.65,8.37,13.00,19.92,26.17,30.17,21.20,12.80,17.57,21.68,35.32
39.98,24.30,30.18,35.95,19.73,29.25,34.45,6.58,15.75,27.33,35.07,44.08,23.18,18.42,20.18,32.65,37.70,45.57,26.93,19.70,22.58,34.37,37.95,47.27
33.70,18.02,23.92,29.67,15.85,22.97,30.57,3.05,11.87,23.45,31.18,40.20,19.65,14.87,16.65,28.77,33.82,41.68,23.40,16.15,19.03,30.83,34.42,43.73
17.22,18.37,14.03,14.42,20.42,20.07,12.15,22.08,21.45,19.00,18.32,24.45,38.68,32.30,22.17,23.42,18.98,27.17,42.43,33.30,24.83,28.30,24.10,31.08
42.87,32.90,36.73,41.62,29.83,28.40,29.07,27.62,20.22,25.37,27.40,33.83,31.10,22.27,16.22,17.08,22.42,29.13,32.13,19.02,8.58,9.73,18.65,29.15
26.05,27.20,22.87,24.82,27.25,19.77,13.53,30.92,20.53,14.27,8.90,15.57,40.42,31.38,21.25,13.55,9.13,17.30,42.00,28.88,21.83,18.45,14.23,25.12
27.05,28.20,23.87,25.82,28.25,20.77,14.53,31.92,21.55,15.28,9.90,16.57,41.43,32.40,22.27,14.90,10.48,17.73,44.68,31.57,24.52,21.12,16.90,27.78
45.57,35.60,39.43,44.33,32.55,31.10,31.77,24.93,22.92,27.95,33.87,40.52,28.43,22.75,19.33,25.17,25.80,34.07,29.47,17.03,10.18,20.40,23.98,33.30
29.25,30.40,26.07,28.02,30.78,22.98,14.87,34.57,23.90,16.03,9.97,13.80,43.92,34.88,24.78,21.72,18.48,18.65,48.97,35.90,27.45,27.80,23.58,28.05
30.75,31.88,27.55,28.07,32.27,24.47,16.35,35.60,25.55,19.40,16.27,10.85,45.42,36.38,26.27,23.55,19.12,17.28,50.47,37.40,28.93,28.43,24.23,21.72
35.18,36.33,32.00,32.52,36.72,28.92,20.80,40.05,30.00,22.82,16.77,11.03,49.85,40.82,30.72,27.98,23.57,17.47,54.92,41.85,33.38,32.88,26.72,22.52
31.48,4.65,18.27,27.45,13.38,20.73,28.97,16.40,23.07,29.08,34.12,39.25,33.00,28.22,28.72,36.07,34.78,41.17,36.75,29.50,31.38,43.18,39.88,44.98
31.03,15.35,21.25,27.02,7.30,20.30,28.53,12.70,11.70,23.58,31.30,38.80,29.30,24.52,19.45,28.62,33.67,41.52,33.05,25.80,22.12,33.92,37.50,44.55
12.38,32.18,27.83,21.20,34.23,35.38,28.20,35.88,36.47,34.02,33.35,33.37,52.48,47.17,37.18,38.43,34.02,35.28,56.23,48.32,39.85,43.32,39.12,39.10
31.55,14.42,21.75,27.52,7.93,14.43,19.80,16.58,12.22,16.47,22.38,30.12,33.18,26.15,16.17,23.48,24.65,32.82,36.93,27.30,18.83,30.63,29.75,38.28
33.23,34.38,30.05,32.00,34.43,26.95,20.72,38.82,27.72,20.25,14.70,17.08,43.27,36.37,26.60,14.60,10.40,10.30,44.32,31.20,24.15,20.75,15.47,22.38
32.25,32.50,28.17,28.35,34.57,30.45,21.77,36.22,31.22,28.77,19.35,13.27,50.95,41.92,31.93,27.32,22.87,14.60,53.98,40.87,33.82,30.43,23.12,19.72
25.22,11.72,14.97,21.18,13.78,12.62,22.70,15.43,22.12,22.32,27.85,32.98,32.03,27.25,24.28,29.33,28.52,34.90,35.78,28.55,26.95,37.83,33.62,38.72
15.20,13.02,8.68,13.38,15.08,16.48,14.13,16.73,23.22,20.77,20.10,25.23,33.33,28.55,23.93,25.18,20.77,27.15,37.08,29.85,26.60,30.08,25.87,30.97
34.25,35.40,31.13,33.08,35.52,27.97,21.80,33.73,29.17,23.28,17.87,24.58,37.23,31.55,26.60,15.95,11.52,18.23,38.27,25.15,18.10,14.70,7.40,11.45
38.33,39.42,35.08,37.10,39.53,31.98,25.82,37.75,33.18,27.37,21.87,28.30,41.25,35.57,30.60,19.95,15.53,22.25,42.28,29.17,22.12,18.72,11.42,16.37
29.38,16.97,22.85,28.15,14.43,11.77,15.58,18.20,12.48,12.27,18.18,25.90,32.70,23.67,13.68,19.28,20.45,28.62,37.77,24.82,16.35,28.15,25.55,34.08
46.78,31.10,37.00,42.75,28.93,35.65,36.32,16.13,22.52,32.50,38.42,46.63,18.00,9.25,18.15,30.42,33.97,40.67,18.68,14.23,17.12,28.92,32.50,41.82
26.43,27.57,23.23,25.18,27.63,19.87,13.90,31.28,20.92,14.65,8.97,14.48,40.65,31.62,21.63,13.50,9.73,17.92,42.62,29.50,22.45,19.05,14.85,25.72
27.00,21.72,13.32,22.97,22.28,8.38,8.92,25.43,16.03,12.77,16.08,24.30,35.78,26.75,16.75,20.03,18.85,27.02,40.83,27.88,19.42,28.17,23.95,32.38
34.92,36.07,31.73,33.68,36.12,28.63,22.40,39.37,29.40,23.60,14.57,12.68,43.97,37.07,27.28,15.28,11.08,5.90,45.00,31.88,24.83,21.43,16.17,17.97
27.45,28.60,24.27,26.22,28.65,21.17,14.93,33.03,21.95,14.48,11.07,16.57,41.50,32.47,22.68,11.12,7.68,11.97,41.88,28.77,21.72,18.33,14.12,23.97
29.22,30.37,26.03,27.98,30.42,22.93,16.70,34.08,23.72,17.30,12.83,19.48,42.00,32.97,23.18,11.62,8.15,16.05,42.35,29.23,22.18,18.80,14.58,25.45
42.23,32.27,36.10,41.00,29.22,27.77,28.43,24.15,19.58,24.62,30.22,36.65,27.65,21.97,15.27,19.90,23.92,30.62,28.68,15.57,5.13,12.53,20.25,29.57
43.02,43.28,38.95,39.13,45.33,41.22,32.53,46.98,41.98,39.53,30.57,24.48,55.73,46.33,42.70,32.67,28.22,19.95,56.77,43.65,36.62,33.22,28.47,15.87
31.62,14.48,21.82,27.58,13.30,16.03,19.85,16.10,9.28,15.08,21.00,30.02,32.27,23.23,13.25,20.60,24.72,32.88,36.45,24.37,15.92,27.72,29.82,38.28
54.17,38.48,44.37,50.13,36.32,40.80,41.47,23.50,29.90,37.65,43.55,50.88,6.40,21.60,25.05,36.70,37.73,44.43,15.35,18.00,20.88,32.68,36.27,45.58
40.70,40.97,36.63,36.82,42.23,34.75,28.52,40.22,35.63,30.07,24.65,22.17,43.70,38.02,33.07,22.68,18.27,17.35,44.73,31.62,24.57,21.18,14.13,5.45
40.88,41.15,36.82,37.00,43.20,39.08,30.40,42.20,37.63,34.97,28.43,22.35,45.70,40.02,35.05,27.47,23.05,18.23,46.73,33.62,26.57,23.17,20.62,6.87
31.67,18.05,25.12,30.42,16.10,14.05,17.87,18.32,10.00,14.53,20.45,28.18,31.18,22.15,12.17,19.97,22.72,30.88,36.23,23.28,14.83,26.63,27.83,34.82
34.75,28.65,31.98,33.52,27.47,22.53,21.62,27.53,18.68,15.97,16.38,22.82,34.27,25.22,15.45,3.45,11.98,18.23,38.87,26.13,19.08,15.95,15.43,27.37
39.98,39.03,36.80,38.75,37.85,32.92,27.47,34.82,28.97,24.15,21.92,29.18,38.32,32.63,23.87,11.90,14.47,21.18,39.35,26.23,19.18,16.47,15.68,28.43
32.95,21.73,26.82,31.72,20.53,17.65,19.15,22.00,11.98,11.57,17.47,26.62,31.92,22.88,12.90,13.53,18.55,26.40,36.97,24.02,15.57,24.22,24.97,36.93
18.60,18.87,14.52,14.70,20.92,22.33,16.73,22.57,25.00,22.55,21.87,18.07,39.17,34.40,25.72,26.95,22.53,19.98,42.92,35.68,28.38,31.85,27.63,22.27
35.23,25.27,29.10,34.00,20.35,20.77,21.43,22.53,10.72,16.92,22.82,31.85,30.32,19.38,11.28,15.80,23.78,30.03,35.37,22.42,13.95,24.98,27.23,38.38
42.65,26.97,32.87,38.63,20.87,31.40,32.07,11.62,11.73,25.62,31.53,40.55,25.37,12.15,17.27,27.08,33.95,41.32,29.12,21.88,21.55,33.35,36.93,46.25
24.15,19.53,8.62,25.63,21.58,16.68,26.20,23.23,29.33,26.05,32.30,37.43,39.83,35.07,30.05,35.18,32.97,39.35,43.58,36.35,32.72,42.28,38.07,41.63
42.75,27.07,32.97,38.73,17.30,27.85,28.52,11.72,8.05,21.93,27.85,36.87,26.35,15.10,15.78,25.22,30.27,38.13,30.10,22.85,18.73,30.52,34.10,43.42
38.48,28.52,32.35,37.25,18.42,24.02,24.68,15.82,9.30,19.93,26.72,35.00,27.97,14.90,13.42,22.12,29.13,36.35,33.02,24.53,16.08,27.88,31.47,40.77
42.80,43.05,38.72,38.90,43.95,36.45,30.22,45.10,37.23,31.77,26.35,21.90,48.60,42.92,35.98,23.97,19.55,13.20,49.63,36.52,29.47,26.07,18.77,10.82
31.67,32.82,28.48,30.43,32.87,25.38,19.15,35.60,26.17,20.70,15.28,20.87,39.08,33.42,25.68,13.68,7.83,14.08,40.12,27.00,19.95,16.57,11.28,23.23
37.15,38.30,33.95,35.90,38.05,30.87,24.63,32.98,28.42,26.18,20.75,27.02,36.48,30.80,25.85,18.67,14.25,20.88,37.52,24.40,17.35,13.97,4.98,20.50
39.80,40.95,36.62,38.57,38.93,33.52,27.28,33.88,29.32,28.50,23.40,28.10,37.37,31.70,25.92,16.25,16.83,21.97,38.42,25.30,18.25,13.12,7.18,24.30
36.02,37.17,32.83,34.78,37.22,29.73,23.50,37.25,30.50,25.05,19.62,25.10,40.75,35.07,28.60,16.60,12.18,18.88,41.78,28.67,21.62,18.22,10.92,24.10
16.20,19.08,14.75,9.02,21.15,22.57,18.73,22.80,26.72,24.27,23.58,29.72,39.40,34.63,27.43,28.68,24.27,32.43,43.15,35.92,30.10,33.57,29.37,35.73
43.77,33.57,39.05,42.53,31.60,28.93,30.65,27.07,21.98,22.47,25.42,31.83,33.80,24.77,14.92,15.10,22.02,28.27,37.03,25.35,16.50,15.33,20.70,34.75
41.72,31.75,35.58,40.48,28.70,27.25,27.92,26.52,19.07,21.92,27.83,35.80,30.47,21.12,14.37,19.05,24.98,32.23,31.47,18.35,7.92,12.28,21.22,31.70
42.87,32.90,36.73,41.63,29.30,28.40,29.07,24.75,19.67,20.15,26.07,34.78,31.48,22.45,12.62,17.65,24.97,31.22,34.72,22.25,11.82,16.20,24.15,35.62
37.37,33.78,34.60,36.13,32.60,27.65,24.23,30.80,23.72,18.58,19.00,25.43,37.53,28.48,18.65,6.65,14.02,20.27,42.05,28.17,21.13,19.05,17.47,29.42
42.68,33.97,39.45,41.43,32.02,29.33,29.55,27.47,22.38,22.87,24.32,30.75,34.20,25.17,15.32,14.00,20.92,27.17,35.87,22.75,12.32,12.83,19.90,32.25
21.07,12.33,7.37,17.03,14.40,15.17,18.57,16.05,22.73,24.37,23.70,28.83,32.65,27.88,26.83,28.78,24.37,30.75,36.40,29.17,29.50,33.68,29.47,34.65
40.53,30.57,34.40,39.30,26.38,26.07,26.73,22.40,17.27,22.62,28.53,37.57,30.13,14.10,6.05,19.30,27.28,33.53,32.07,20.67,12.22,24.02,27.60,36.90
37.18,27.23,31.05,35.95,24.17,22.72,23.40,20.55,14.53,19.57,25.48,33.70,26.00,13.50,8.33,18.13,26.12,32.37,28.17,17.33,8.87,20.67,24.25,33.57
42.40,43.02,39.20,41.15,39.97,36.12,29.87,34.90,30.33,31.42,26.00,27.97,38.40,32.72,27.75,21.65,19.62,23.85,39.43,26.32,19.27,13.58,13.28,17.63
26.95,24.35,20.95,25.72,21.83,13.93,12.78,26.68,15.60,7.90,12.92,21.93,35.25,26.22,16.32,17.05,18.02,26.18,40.30,27.43,18.98,27.33,23.12,31.73
29.63,26.67,23.57,28.40,24.13,16.65,13.05,29.18,18.23,9.95,13.58,22.62,37.88,28.78,18.95,19.10,18.72,26.88,42.87,30.08,21.62,28.03,23.82,32.90
52.82,37.13,43.03,48.78,34.97,38.70,39.37,22.17,28.55,35.55,41.12,47.77,25.65,19.97,25.85,34.32,34.62,41.32,9.50,14.43,17.77,29.57,33.15,42.45
30.72,19.93,19.35,27.92,18.62,6.75,16.92,23.97,13.57,13.38,19.30,27.23,33.15,24.12,14.28,20.40,21.77,29.93,38.22,25.42,16.95,28.75,26.87,35.48
37.10,27.13,30.97,35.87,23.18,22.63,23.30,18.92,13.57,19.08,25.00,33.62,25.65,16.62,5.35,16.58,24.25,30.50,30.83,19.98,11.53,21.90,26.02,36.22
40.28,41.42,37.08,39.03,41.48,34.00,27.75,39.72,35.15,29.30,23.88,26.00,43.22,37.53,32.58,21.92,17.50,19.22,44.25,31.13,24.08,20.68,13.38,10.35
39.70,40.85,36.52,38.47,40.90,33.42,27.18,39.13,34.57,28.73,23.30,27.13,42.63,36.95,32.00,21.35,16.92,20.35,43.67,30.55,23.50,20.12,12.80,11.48
41.67,41.93,37.60,37.78,43.98,39.87,31.18,45.65,40.65,35.73,25.53,19.43,53.72,48.03,40.08,28.08,23.63,15.37,54.75,41.63,34.58,31.18,23.88,20.47
36.68,21.00,26.90,32.67,14.75,25.95,29.48,5.65,10.77,22.35,30.08,39.12,22.25,16.43,18.52,27.67,32.72,40.58,26.00,18.77,21.18,32.98,36.57,45.88
26.40,27.55,23.22,25.17,27.60,20.12,13.88,31.27,20.88,14.73,10.00,16.67,40.28,31.25,21.60,11.37,7.92,16.10,42.12,29.00,21.95,18.57,14.35,25.23
26.57,27.72,23.38,25.33,27.77,20.28,14.05,31.13,20.93,12.57,10.17,16.83,39.40,30.37,20.77,9.20,7.57,15.73,41.77,28.65,21.60,18.20,14.00,24.87
37.05,36.00,33.87,35.82,34.80,29.87,24.53,32.75,25.92,21.10,20.67,26.25,37.23,30.45,20.85,8.85,13.22,19.47,38.27,25.15,18.10,15.38,16.67,28.62
44.47,45.60,41.27,43.27,42.80,38.18,31.98,37.73,33.17,33.53,28.07,32.80,41.23,35.55,30.58,23.18,21.53,26.67,42.27,29.15,22.10,16.42,7.50,22.57
42.08,32.12,35.95,40.85,29.13,27.62,28.28,20.92,19.43,24.47,30.38,38.60,22.67,13.30,13.23,23.52,27.43,34.15,24.83,12.72,9.37,20.87,24.73,34.05
